"areasymbol","cokey","comppct_r"
"CA708",26882600,1
"CA708",26882601,5
"CA708",26882602,5
"CA708",26882603,4
"CA708",26882604,85
"CA708",26886688,90
"CA708",26886689,8
"CA708",26886690,1
"CA708",26886691,1
"CA708",26886692,50
"CA708",26886693,20
"CA708",26886694,25
"CA708",26886695,3
"CA708",26886696,2
"CA708",26886697,85
"CA708",26886698,10
"CA708",26886699,5
"CA708",26886700,40
"CA708",26886701,5
"CA708",26886702,5
"CA708",26886703,50
"CA708",26886704,50
"CA708",26886705,5
"CA708",26886706,3
"CA708",26886707,1
"CA708",26886708,1
"CA708",26886709,40
"CA708",26886710,50
"CA708",26886711,45
"CA708",26886712,5
"CA708",26886720,75
"CA708",26886721,5
"CA708",26886722,10
"CA708",26886723,4
"CA708",26886724,4
"CA708",26886725,2
"CA708",26886726,1
"CA708",26886727,1
"CA708",26886728,2
"CA708",26886729,2
"CA708",26886730,2
"CA708",26886731,8
"CA708",26886732,2
"CA708",26886733,2
"CA708",26886734,80
"CA708",27089135,60
"CA708",27089136,30
"CA708",27089137,90
"CA708",27089138,2
"CA708",27089139,8
"CA708",27089140,35
"CA708",27089141,45
"CA708",27089142,85
"CA708",27089143,3
"CA708",27089144,10
"CA708",27089145,1
"CA708",27089146,1
"CA708",27089147,80
"CA708",27089148,30
"CA708",27089149,65
"CA708",27089150,1
"CA708",27089151,1
"CA708",27089152,1
"CA708",27089153,2
"CA708",27089154,60
"CA708",27089155,25
"CA708",27089160,20
"CA708",27089161,25
"CA708",27089162,40
"CA708",27089168,35
"CA708",27089169,40
"CA708",27089174,25
"CA708",27089175,60
"CA708",27089182,60
"CA708",27089183,25
"CA708",27089187,35
"CA708",27089188,25
"CA708",27089189,25
"CA708",27089196,40
"CA708",27089197,30
"CA708",27089198,20
"CA708",27089208,35
"CA708",27089209,30
"CA708",27089210,15
"CA708",27089211,90
"CA708",27089212,5
"CA708",27089213,3
"CA708",27089214,2
"CA708",27089215,25
"CA708",27089216,65
"CA708",27089217,10
"CA708",27089218,10
"CA708",27089219,80
"CA708",27089220,45
"CA708",27089221,35
"CA708",27089222,65
"CA708",27089223,20
"CA708",27089224,5
"CA708",27089225,3
"CA708",27089226,2
"CA708",27089227,5
"CA708",27089228,30
"CA708",27089229,60
"CA708",27089230,15
"CA708",27089231,55
"CA708",27089232,30
"CA708",27089233,31
"CA708",27089234,25
"CA708",27089235,29
"CA708",27089236,10
"CA708",27089237,5
"CA708",27089238,5
"CA708",27089239,55
"CA708",27089240,25
"CA708",27089241,75
"CA708",27089242,25
"CA708",27089243,70
"CA708",27089244,5
"CA708",27089245,40
"CA708",27089246,45
"CA708",27089247,5
"CA708",27089248,70
"CA708",27089249,25
"CA708",27089250,20
"CA708",27089251,60
"CA708",27089252,60
"CA708",27089253,30
"CA708",27089254,4
"CA708",27089255,3
"CA708",27089256,3
"CA708",27089257,55
"CA708",27089258,20
"CA708",27089259,4
"CA708",27089260,3
"CA708",27089261,30
"CA708",27089262,60
"CA708",27089263,3
"CA708",27089264,90
"CA708",27089265,90
"CA708",27089266,5
"CA708",27089267,5
"CA708",27089268,60
"CA708",27089269,30
"CA708",27089270,5
"CA708",27089271,5
"CA708",27089272,85
"CA708",27089273,5
"CA708",27089274,50
"CA708",27089275,40
"CA708",27089276,5
"CA708",27089277,85
"CA708",27089278,5
"CA708",27089279,5
"CA708",27089280,45
"CA708",27089281,30
"CA708",27089282,5
"CA708",27089283,45
"CA708",27089284,40
"CA708",27089285,10
"CA708",27089286,45
"CA708",27089287,40
"CA708",27089288,90
"CA708",27089289,5
"CA708",27089290,5
"CA708",27089291,25
"CA708",27089292,20
"CA708",27089293,45
"CA708",27089294,8
"CA708",27089295,7
"CA708",27089296,85
"CA708",27089297,40
"CA708",27089298,30
"CA708",27089299,20
"CA708",27089300,60
"CA708",27089301,30
"CA708",27089302,10
"CA708",27089303,45
"CA708",27089304,40
"CA708",27089305,4
"CA708",27089306,1
"CA708",27089307,75
"CA708",27089308,20
"CA708",27089309,50
"CA708",27089310,20
"CA708",27089311,20
"CA708",27089312,10
"CA708",27089313,50
"CA708",27089314,40
"CA708",27089315,35
"CA708",27089316,30
"CA708",27089317,20
"CA708",27089318,50
"CA708",27089319,25
"CA708",27089320,15
"CA708",27089321,2
"CA708",27089322,3
"CA708",27089323,5
"CA708",27089324,31
"CA708",27089325,29
"CA708",27089326,20
"CA708",27089327,65
"CA708",27089328,20
"CA708",27089329,3
"CA708",27089330,2
"CA708",27089331,4
"CA708",27089332,3
"CA708",27089333,3
"CA708",27089334,45
"CA708",27089335,40
"CA708",27089336,5
"CA708",27089337,45
"CA708",27089338,35
"CA708",27089339,5
"CA708",27089340,5
"CA708",27089341,5
"CA708",27089342,60
"CA708",27089343,20
"CA708",27089344,45
"CA708",27089345,55
"CA708",27089346,30
"CA708",27089347,50
"CA708",27089351,50
"CA708",27089352,30
"CA708",27089353,50
"CA708",27089354,25
"CA708",27089355,15
"CA708",27089356,2
"CA708",27089357,8
"CA708",27089358,50
"CA708",27089359,30
"CA708",27089360,5
"CA708",27089361,2
"CA708",27089362,3
"CA708",27089363,50
"CA708",27089364,40
"CA708",27089365,50
"CA708",27089366,30
"CA708",27089367,20
"CA708",27089368,30
"CA708",27089369,50
"CA708",27089370,50
"CA708",27089371,30
"CA708",27089372,20
"CA708",27089373,30
"CA708",27089374,50
"CA708",27089375,50
"CA708",27089376,19
"CA708",27089377,20
"CA708",27089378,30
"CA708",27089379,20
"CA708",27089380,29
"CA708",27089381,50
"CA708",27089382,30
"CA708",27089383,50
"CA708",27089384,30
"CA708",27089385,20
"CA708",27089386,40
"CA708",27089387,20
"CA708",27089388,50
"CA708",27089389,25
"CA708",27089390,45
"CA708",27089391,35
"CA708",27089392,40
"CA708",27089393,30
"CA708",27089394,15
"CA708",27089395,90
"CA708",27089396,39
"CA708",27089397,41
"CA708",27089398,50
"CA708",27089399,40
"CA708",27089400,50
"CA708",27089401,30
"CA708",27089402,40
"CA708",27089403,39
"CA708",27089404,45
"CA708",27089405,15
"CA708",27089406,30
"CA708",27089407,45
"CA708",27089408,20
"CA708",27089409,25
"CA708",27089410,50
"CA708",27089411,20
"CA708",27089412,20
"CA708",27089413,50
"CA708",27089414,25
"CA708",27089415,20
"CA708",27089416,39
"CA708",27089417,40
"CA708",27089418,40
"CA708",27089419,50
"CA708",27089420,45
"CA708",27089421,25
"CA708",27089422,20
"CA708",27089423,45
"CA708",27089424,40
"CA708",27089425,46
"CA708",27089426,44
"CA708",27089427,32
"CA708",27089428,28
"CA708",27089429,29
"CA708",27089430,45
"CA708",27089431,35
"CA708",27089432,35
"CA708",27089433,45
"CA708",27089434,30
"CA708",27089435,24
"CA708",27089436,25
"CA708",27089437,40
"CA708",27089438,19
"CA708",27089439,20
"CA708",27089440,40
"CA708",27089441,20
"CA708",27089442,25
"CA708",27089443,34
"CA708",27089444,36
"CA708",27089445,25
"CA708",27089446,55
"CA708",27089447,60
"CA708",27089448,30
"CA708",27089449,50
"CA708",27089450,30
"CA708",27089451,45
"CA708",27089452,20
"CA708",27089453,19
"CA708",27089454,50
"CA708",27089455,30
"CA708",27089456,70
"CA708",27089457,30
"CA708",27089458,60
"CA708",27089459,40
"CA708",27089460,20
"CA708",27089461,20
"CA708",27089462,60
"CA708",27089463,20
"CA708",27089464,40
"CA708",27089465,35
"CA708",27089466,20
"CA708",27089467,60
"CA708",27089468,55
"CA708",27089469,25
"CA708",27089470,60
"CA708",27089471,20
"CA708",27089472,40
"CA708",27089473,39
"CA708",27089474,40
"CA708",27089475,45
"CA708",27089476,50
"CA708",27089477,35
"CA708",27089478,40
"CA708",27089479,39
"CA708",27089480,20
"CA708",27089481,25
"CA708",27089482,45
"CA708",27089483,50
"CA708",27089484,20
"CA708",27089485,19
"CA708",27089486,20
"CA708",27089487,40
"CA708",27089488,19
"CA708",27089489,50
"CA708",27089490,40
"CA708",27089491,50
"CA708",27089492,30
"CA708",27089493,60
"CA708",27089494,30
"CA708",27089495,60
"CA708",27089496,30
"CA708",27089497,25
"CA708",27089498,24
"CA708",27089499,24
"CA708",27089500,30
"CA708",27089501,25
"CA708",27089502,24
"CA708",27089503,90
"CA708",27089504,25
"CA708",27089505,30
"CA708",27089506,24
"CA708",27089507,29
"CA708",27089508,29
"CA708",27089509,30
"CA708",27089510,30
"CA708",27089511,29
"CA708",27089512,29
"CA708",27089513,30
"CA708",27089514,60
"CA708",27089515,40
"CA708",27089516,35
"CA708",27089517,40
"CA708",27089518,30
"CA708",27089519,20
"CA708",27089520,35
"CA708",27089521,30
"CA708",27089522,20
"CA708",27089523,80
"CA708",27089524,50
"CA708",27089525,35
"CA708",27089526,60
"CA708",27089527,25
"CA708",27089528,50
"CA708",27089529,40
"CA708",27089530,55
"CA708",27089531,30
"CA708",27089532,80
"CA708",27089533,80
"CA708",27089534,25
"CA708",27089535,25
"CA708",27089536,40
"CA708",27089537,35
"CA708",27089538,50
"CA708",27089539,45
"CA708",27089540,35
"CA708",27089541,35
"CA708",27089542,25
"CA708",27089543,25
"CA708",27089544,40
"CA708",27089545,30
"CA708",27089546,20
"CA708",27089547,60
"CA708",27089548,20
"CA708",27089549,50
"CA708",27089550,30
"CA708",27089551,30
"CA708",27089552,50
"CA708",27089553,50
"CA708",27089554,20
"CA708",27089555,20
"CA708",27089556,60
"CA708",27089557,20
"CA708",27089558,50
"CA708",27089559,30
"CA708",27089560,45
"CA708",27089561,35
"CA708",27089562,45
"CA708",27089563,35
"CA708",27089564,50
"CA708",27089565,30
"CA708",27089566,40
"CA708",27089567,39
"CA708",27089568,40
"CA708",27089569,20
"CA708",27089570,19
"CA708",27089571,50
"CA708",27089572,30
"CA708",27089573,85
"CA708",27089574,3
"CA708",27089575,4
"CA708",27089576,4
"CA708",27089577,4
"CA708",27089578,7
"CA708",27089579,7
"CA708",27089580,6
"CA708",27089581,80
"CA708",27089582,50
"CA708",27089583,40
"CA708",27089584,3
"CA708",27089585,3
"CA708",27089586,4
"CA708",27089587,50
"CA708",27089588,40
"CA708",27089589,4
"CA708",27089590,3
"CA708",27089591,3
"CA708",27089592,90
"CA708",27089593,2
"CA708",27089594,2
"CA708",27089595,2
"CA708",27089596,2
"CA708",27089597,2
"CA708",27089598,55
"CA708",27089599,25
"CA708",27089600,5
"CA708",27089601,5
"CA708",27089602,5
"CA708",27089603,5
"CA708",27089604,55
"CA708",27089605,25
"CA708",27089606,7
"CA708",27089607,6
"CA708",27089608,7
"CA708",27089609,50
"CA708",27089610,35
"CA708",27089611,4
"CA708",27089612,4
"CA708",27089613,4
"CA708",27089614,3
"CA708",27089615,50
"CA708",27089616,35
"CA708",27089617,5
"CA708",27089618,5
"CA708",27089619,5
"CA708",27089620,3
"CA708",27089621,3
"CA708",27089622,3
"CA708",27089623,3
"CA708",27089624,3
"CA708",27089625,35
"CA708",27089626,30
"CA708",27089627,20
"CA708",27089628,35
"CA708",27089629,30
"CA708",27089630,20
"CA708",27089631,3
"CA708",27089632,3
"CA708",27089633,3
"CA708",27089634,3
"CA708",27089635,3
"CA708",27089636,40
"CA708",27089637,35
"CA708",27089638,5
"CA708",27089639,8
"CA708",27089640,7
"CA708",27089641,5
"CA708",27089642,60
"CA708",27089643,25
"CA708",27089644,7
"CA708",27089645,8
"CA708",27089646,60
"CA708",27089647,30
"CA708",27089648,5
"CA708",27089649,5
"CA708",27089650,75
"CA708",27089651,20
"CA708",27089652,1
"CA708",27089653,2
"CA708",27089654,2
"CA708",27089655,85
"CA708",27089656,7
"CA708",27089657,8
"CA708",27089658,45
"CA708",27089659,35
"CA708",27089660,7
"CA708",27089661,7
"CA708",27089662,6
"CA708",27089663,60
"CA708",27089664,30
"CA708",27089665,2
"CA708",27089666,8
"CA708",27089667,85
"CA708",27089668,3
"CA708",27089669,4
"CA708",27089670,4
"CA708",27089671,4
"CA708",27089672,45
"CA708",27089673,35
"CA708",27089674,7
"CA708",27089675,6
"CA708",27089676,7
"CA708",27089677,5
"CA708",27089678,5
"CA708",27089679,5
"CA708",27089680,50
"CA708",27089681,35
"CA708",27089682,50
"CA708",27089683,35
"CA708",27089684,4
"CA708",27089685,3
"CA708",27089686,4
"CA708",27089687,4
"CA708",27089688,55
"CA708",27089689,30
"CA708",27089690,9
"CA708",27089691,6
"CA708",27089692,80
"CA708",27089693,5
"CA708",27089694,5
"CA708",27089695,5
"CA708",27089696,5
"CA708",27089697,7
"CA708",27089698,6
"CA708",27089699,7
"CA708",27089700,80
"CA708",27089701,80
"CA708",27089702,7
"CA708",27089703,7
"CA708",27089704,6
"CA708",27089705,100
"CA708",27089706,5
"CA708",27089707,40
"CA708",27089708,35
"CA708",27089709,20
"CA708",27089710,50
"CA708",27089711,35
"CA708",27089712,5
"CA708",27089713,5
"CA708",27089714,3
"CA708",27089715,2
"CA708",27089716,5
"CA708",27089717,50
"CA708",27089718,35
"CA708",27089719,5
"CA708",27089720,5
"CA708",27089721,85
"CA708",27089722,1
"CA708",27089723,3
"CA708",27089724,5
"CA708",27089725,5
"CA708",27089726,1
"CA708",27089727,6
"CA708",27089728,90
"CA708",27089729,4
"CA708",27089730,5
"CA708",27089731,60
"CA708",27089732,35
"CA708",27089733,10
"CA708",27089734,70
"CA708",27089735,20
"CA708",27089736,90
"CA708",27089737,10
"CA708",27089738,5
"CA708",27089739,5
"CA708",27089740,5
"CA708",27089741,85
"CA708",27089742,4
"CA708",27089743,3
"CA708",27089744,3
"CA708",27089745,5
"CA708",27089746,45
"CA708",27089747,25
"CA708",27089748,15
"CA708",27089749,50
"CA708",27089750,35
"CA708",27089751,3
"CA708",27089752,4
"CA708",27089753,4
"CA708",27089754,2
"CA708",27089755,2
"CA708",27089756,5
"CA708",27089757,2
"CA708",27089758,3
"CA708",27089759,50
"CA708",27089760,40
"CA708",27089761,35
"CA708",27089762,30
"CA708",27089763,15
"CA708",27089764,3
"CA708",27089765,7
"CA708",27089766,6
"CA708",27089767,2
"CA708",27089768,2
"CA708",27089769,5
"CA708",27089770,5
"CA708",27089771,5
"CA708",27089772,5
"CA708",27089773,80
"CA708",27089774,8
"CA708",27089775,7
"CA708",27089776,85
"CA708",27089777,55
"CA708",27089778,35
"CA708",27089779,10
"CA708",27089780,8
"CA708",27089781,7
"CA708",27089782,85
"CA708",27089783,40
"CA708",27089784,25
"CA708",27089785,20
"CA708",27089786,5
"CA708",27089787,5
"CA708",27089788,5
"CA708",27089789,5
"CA708",27089790,95
"CA708",27089791,95
"CA708",27089792,5
"CA708",27089793,8
"CA708",27089794,7
"CA708",27089795,85
"CA708",27089796,60
"CA708",27089797,25
"CA708",27089798,8
"CA708",27089799,7
"CA708",27089800,8
"CA708",27089801,7
"CA708",27089802,60
"CA708",27089803,25
"CA708",27089804,95
"CA708",27089805,5
"CA708",27089806,65
"CA708",27089807,25
"CA708",27089808,5
"CA708",27089809,5
"CA708",27089810,8
"CA708",27089811,7
"CA708",27089812,50
"CA708",27089813,20
"CA708",27089814,15
"CA708",27089815,50
"CA708",27089816,40
"CA708",27089817,2
"CA708",27089818,2
"CA708",27089819,2
"CA708",27089820,1
"CA708",27089821,1
"CA708",27089822,1
"CA708",27089823,1
"CA708",27089824,5
"CA708",27089825,5
"CA708",27089826,5
"CA708",27089827,5
"CA708",27089828,50
"CA708",27089829,30
"CA708",27089830,60
"CA708",27089831,25
"CA708",27089832,8
"CA708",27089833,7
"CA708",27089834,8
"CA708",27089835,7
"CA708",27089836,50
"CA708",27089837,35
"CA708",27089838,85
"CA708",27089839,8
"CA708",27089840,7
"CA708",27089841,10
"CA708",27089842,40
"CA708",27089843,30
"CA708",27089844,20
"CA708",27089845,5
"CA708",27089846,5
"CA708",27089847,5
"CA708",27089848,50
"CA708",27089849,20
"CA708",27089850,15
"CA708",27089851,55
"CA708",27089852,30
"CA708",27089853,8
"CA708",27089854,7
"CA708",27089855,10
"CA708",27089856,10
"CA708",27089857,65
"CA708",27089858,15
"CA708",27089859,45
"CA708",27089860,35
"CA708",27089861,8
"CA708",27089862,7
"CA708",27089863,5
"CA708",27089864,85
"CA708",27089865,6
"CA708",27089866,3
"CA708",27089867,4
"CA708",27089868,2
"CA708",27089874,90
"CA708",27089875,10
"CA708",27089876,46
"CA708",27089877,44
"CA708",27089878,10
"CA708",27089879,46
"CA708",27089880,44
"CA708",27089881,5
"CA708",27089882,5
"CA708",27089883,46
"CA708",27089884,44
"CA708",27089885,10
"CA708",27089886,85
"CA708",27089887,5
"CA708",27089888,10
"CA708",27089889,85
"CA708",27089890,5
"CA708",27089891,10
"CA708",27089892,100
"CA708",27089893,100
"CA708",27089894,70
"CA708",27089895,20
"CA708",27089896,5
"CA708",27089897,5
"CA708",27089898,41
"CA708",27089899,39
"CA708",27089900,10
"CA708",27089901,10
"CA708",27089902,41
"CA708",27089903,39
"CA708",27089904,10
"CA708",27089905,10
"CA708",27089906,41
"CA708",27089907,39
"CA708",27089908,10
"CA708",27089909,10
"CA708",27089910,100
"CA708",27089911,85
"CA708",27089912,5
"CA708",27089913,5
"CA708",27089914,5
"CA708",27089915,10
"CA708",27089916,41
"CA708",27089917,39
"CA708",27089918,10
"CA708",27089919,85
"CA708",27089920,5
"CA708",27089921,5
"CA708",27089922,5
"CA708",27089923,100
"CA708",27089924,5
"CA708",27089925,5
"CA708",27089926,5
"CA708",27089927,85
"CA708",27089928,85
"CA708",27089929,5
"CA708",27089930,5
"CA708",27089931,5
"CA708",27089932,5
"CA708",27089933,5
"CA708",27089934,5
"CA708",27089935,70
"CA708",27089936,15
"CA708",27089937,85
"CA708",27089938,5
"CA708",27089939,5
"CA708",27089940,5
"CA708",27089941,5
"CA708",27089942,5
"CA708",27089943,5
"CA708",27089944,85
"CA708",27089945,55
"CA708",27089946,30
"CA708",27089947,5
"CA708",27089948,4
"CA708",27089949,3
"CA708",27089950,3
"CA708",27089951,20
"CA708",27089952,35
"CA708",27089953,30
"CA708",27089954,14
"CA708",27089955,65
"CA708",27089956,20
"CA708",27089957,5
"CA708",27089958,5
"CA708",27089959,5
"CA708",27089960,85
"CA708",27089961,10
"CA708",27089962,20
"CA708",27089963,65
"CA708",27089964,10
"CA708",27089965,5
"CA708",27089966,60
"CA708",27089967,25
"CA708",27089968,5
"CA708",27089969,5
"CA708",27089970,5
"CA708",27089971,60
"CA708",27089972,25
"CA708",27089973,5
"CA708",27089974,10
"CA708",27089975,30
"CA708",27089976,60
"CA708",27089977,15
"CA708",27089978,55
"CA708",27089979,5
"CA708",27089980,5
"CA708",27089981,5
"CA708",27089982,35
"CA708",27089983,50
"CA708",27089984,10
"CA708",27089985,50
"CA708",27089986,35
"CA708",27089987,10
"CA708",27089988,5
"CA708",27089989,30
"CA708",27089990,55
"CA708",27089991,5
"CA708",27089992,10
"CA708",27089993,85
"CA708",27089994,2
"CA708",27089995,2
"CA708",27089996,5
"CA708",27089997,1
"CA708",27089998,2
"CA708",27089999,3
"CA708",27090000,85
"CA708",27090001,2
"CA708",27090002,5
"CA708",27090003,8
"CA708",27090004,6
"CA708",27090005,2
"CA708",27090006,65
"CA708",27090007,2
"CA708",27090008,25
"CA708",27090009,3
"CA708",27090010,2
"CA708",27090011,10
"CA708",27090012,10
"CA708",27090013,75
"CA708",27090014,20
"CA708",27090015,15
"CA708",27090016,55
"CA708",27090017,2
"CA708",27090018,3
"CA708",27090019,5
"CA708",27090020,2
"CA708",27090021,4
"CA708",27090022,1
"CA708",27090023,3
"CA708",27090024,5
"CA708",27090025,85
"CA708",27090026,2
"CA708",27090027,85
"CA708",27090028,3
"CA708",27090029,10
"CA708",27090030,2
"CA708",27090031,3
"CA708",27090032,10
"CA708",27090033,35
"CA708",27090034,50
"CA708",27090035,25
"CA708",27090036,15
"CA708",27090037,20
"CA708",27090038,12
"CA708",27090039,3
"CA708",27090040,23
"CA708",27090041,2
"CA708",27090042,25
"CA708",27090043,30
"CA708",27090044,15
"CA708",27090045,15
"CA708",27090046,10
"CA708",27090047,5
"CA708",27090048,10
"CA708",27090049,15
"CA708",27090050,3
"CA708",27090051,65
"CA708",27090052,5
"CA708",27090053,2
"CA708",27090054,40
"CA708",27090055,55
"CA708",27090056,2
"CA708",27090057,3
"CA708",27090058,15
"CA708",27090059,20
"CA708",27090060,45
"CA708",27090061,2
"CA708",27090062,5
"CA708",27090063,10
"CA708",27090064,3
"CA708",27090065,15
"CA708",27090066,65
"CA708",27090067,1
"CA708",27090068,4
"CA708",27090069,5
"CA708",27090070,5
"CA708",27090071,5
"CA708",27090072,80
"CA708",27090073,10
"CA708",27090074,3
"CA708",27090075,2
"CA708",27090076,2
"CA708",27090077,3
"CA708",27090078,15
"CA708",27090079,55
"CA708",27090080,30
"CA708",27090081,20
"CA708",27090082,75
"CA708",27090083,2
"CA708",27090084,3
"CA708",27090085,35
"CA708",27090086,40
"CA708",27090087,10
"CA708",27090088,15
"CA708",27090089,85
"CA708",27090090,3
"CA708",27090091,2
"CA708",27090092,7
"CA708",27090093,3
"CA708",27090094,85
"CA708",27090095,5
"CA708",27090096,3
"CA708",27090097,3
"CA708",27090098,2
"CA708",27090099,2
"CA708",27090100,90
"CA708",27090101,1
"CA708",27090102,3
"CA708",27090103,3
"CA708",27090104,3
"CA708",27090105,85
"CA708",27090106,2
"CA708",27090107,2
"CA708",27090108,7
"CA708",27090109,4
"CA708",27090110,30
"CA708",27090111,10
"CA708",27090112,15
"CA708",27090113,40
"CA708",27090114,2
"CA708",27090115,2
"CA708",27090116,1
"CA708",27090117,15
"CA708",27090118,15
"CA708",27090119,20
"CA708",27090120,40
"CA708",27090121,2
"CA708",27090122,5
"CA708",27090123,2
"CA708",27090124,1
"CA708",27090125,10
"CA708",27090126,15
"CA708",27090127,35
"CA708",27090128,30
"CA708",27090129,2
"CA708",27090130,4
"CA708",27090131,4
"CA708",27090132,90
"CA708",27090133,3
"CA708",27090134,7
"CA708",27090135,20
"CA708",27090136,75
"CA708",27090137,5
"CA708",27090138,15
"CA708",27090139,35
"CA708",27090140,45
"CA708",27090141,5
"CA708",27090142,95
"CA708",27090143,3
"CA708",27090144,2
"CA708",27090145,15
"CA708",27090146,20
"CA708",27090147,25
"CA708",27090148,35
"CA708",27090149,5
"CA708",27090150,90
"CA708",27090151,1
"CA708",27090152,4
"CA708",27090153,5
"CA708",27090154,35
"CA708",27090155,50
"CA708",27090156,5
"CA708",27090157,5
"CA708",27090158,5
"CA708",27090159,90
"CA708",27090160,1
"CA708",27090161,4
"CA708",27090162,5
"CA612",26394986,85
"CA612",26394987,5
"CA612",26394988,1
"CA612",26394989,1
"CA612",26394990,2
"CA612",26394991,2
"CA612",26394992,3
"CA612",26394993,1
"CA612",26395003,85
"CA612",26395004,5
"CA612",26395005,1
"CA612",26395006,1
"CA612",26395007,2
"CA612",26395008,2
"CA612",26395009,3
"CA612",26395010,1
"CA612",26789116,5
"CA612",26789117,5
"CA612",26789118,5
"CA612",26789119,85
"CA612",26803514,90
"CA612",26803515,2
"CA612",26803516,2
"CA612",26803517,6
"CA612",27304375,3
"CA612",27304376,5
"CA612",27304377,5
"CA612",27304378,2
"CA612",27304379,5
"CA612",27304380,80
"CA612",27304381,40
"CA612",27304382,50
"CA612",27304383,2
"CA612",27304384,2
"CA612",27304385,6
"CA612",27304386,2
"CA612",27304387,60
"CA612",27304388,25
"CA612",27304389,2
"CA612",27304390,2
"CA612",27304391,3
"CA612",27304392,2
"CA612",27304393,2
"CA612",27304394,2
"CA612",27304395,15
"CA612",27304396,70
"CA612",27304397,2
"CA612",27304398,2
"CA612",27304399,2
"CA612",27304400,3
"CA612",27304401,2
"CA612",27304402,3
"CA612",27304403,1
"CA612",27304404,85
"CA612",27304405,1
"CA612",27304406,2
"CA612",27304407,3
"CA612",27304408,1
"CA612",27304409,5
"CA612",27304410,3
"CA612",27304411,80
"CA612",27304412,5
"CA612",27304413,5
"CA612",27304414,5
"CA612",27304415,5
"CA612",27304416,5
"CA612",27304417,5
"CA612",27304418,5
"CA612",27304419,85
"CA612",27304420,75
"CA612",27304421,12
"CA612",27304422,3
"CA612",27304423,8
"CA612",27304424,2
"CA612",27304425,90
"CA612",27304426,2
"CA612",27304427,3
"CA612",27304428,3
"CA612",27304429,2
"CA612",27304430,75
"CA612",27304431,10
"CA612",27304432,7
"CA612",27304433,6
"CA612",27304434,1
"CA612",27304435,1
"CA612",27304436,45
"CA612",27304437,40
"CA612",27304438,2
"CA612",27304439,2
"CA612",27304440,2
"CA612",27304441,3
"CA612",27304442,4
"CA612",27304443,2
"CA612",27304444,75
"CA612",27304445,2
"CA612",27304446,2
"CA612",27304447,4
"CA612",27304448,7
"CA612",27304449,10
"CA612",27304450,2
"CA612",27304451,2
"CA612",27304452,2
"CA612",27304453,2
"CA612",27304454,3
"CA612",27304455,5
"CA612",27304456,80
"CA612",27304457,2
"CA612",27304458,2
"CA612",27304459,70
"CA612",27304460,11
"CA612",27304461,12
"CA612",27304462,7
"CA612",27304463,45
"CA612",27304464,40
"CA612",27304465,2
"CA612",27304466,4
"CA612",27304467,1
"CA612",27304468,2
"CA612",27304469,2
"CA612",27304470,4
"CA612",27304471,70
"CA612",27304472,10
"CA612",27304473,11
"CA612",27304474,2
"CA612",27304475,2
"CA612",27304476,5
"CA612",27304477,20
"CA612",27304478,65
"CA612",27304479,5
"CA612",27304480,5
"CA612",27304481,5
"CA612",27304482,70
"CA612",27304483,2
"CA612",27304484,3
"CA612",27304485,5
"CA612",27304486,10
"CA612",27304487,10
"CA612",27304488,3
"CA612",27304489,2
"CA612",27304490,2
"CA612",27304491,2
"CA612",27304492,85
"CA612",27304493,2
"CA612",27304494,2
"CA612",27304495,2
"CA612",27304496,1
"CA612",27304497,1
"CA612",27304498,1
"CA612",27304499,3
"CA612",27304500,3
"CA612",27304501,1
"CA612",27304502,30
"CA612",27304503,28
"CA612",27304504,32
"CA612",27304505,85
"CA612",27304506,5
"CA612",27304507,2
"CA612",27304508,2
"CA612",27304509,2
"CA612",27304510,2
"CA612",27304511,2
"CA612",27304512,30
"CA612",27304513,25
"CA612",27304514,5
"CA612",27304515,1
"CA612",27304516,1
"CA612",27304517,1
"CA612",27304518,1
"CA612",27304519,1
"CA612",27304520,35
"CA612",27304521,80
"CA612",27304522,2
"CA612",27304523,2
"CA612",27304524,9
"CA612",27304525,2
"CA612",27304526,3
"CA612",27304527,2
"CA612",27304528,5
"CA612",27304529,1
"CA612",27304530,1
"CA612",27304531,1
"CA612",27304532,1
"CA612",27304533,1
"CA612",27304534,30
"CA612",27304535,25
"CA612",27304536,35
"CA612",27304537,50
"CA612",27304538,2
"CA612",27304539,3
"CA612",27304540,3
"CA612",27304541,40
"CA612",27304542,2
"CA612",27304543,30
"CA612",27304544,20
"CA612",27304545,2
"CA612",27304546,1
"CA612",27304547,2
"CA612",27304548,2
"CA612",27304549,2
"CA612",27304550,5
"CA612",27304551,1
"CA612",27304552,35
"CA612",27304553,25
"CA612",27304554,30
"CA612",27304555,5
"CA612",27304556,3
"CA612",27304557,2
"CA612",27304558,35
"CA612",27304559,75
"CA612",27304560,3
"CA612",27304561,3
"CA612",27304562,6
"CA612",27304563,13
"CA612",27304564,45
"CA612",27304565,40
"CA612",27304566,2
"CA612",27304567,2
"CA612",27304568,2
"CA612",27304569,3
"CA612",27304570,3
"CA612",27304571,2
"CA612",27304572,1
"CA612",27304573,4
"CA612",27304574,1
"CA612",27304575,2
"CA612",27304576,3
"CA612",27304577,30
"CA612",27304578,60
"CA612",27304579,85
"CA612",27304580,5
"CA612",27304581,5
"CA612",27304582,5
"CA612",27304583,30
"CA612",27304584,4
"CA612",27304585,1
"CA612",27304586,2
"CA612",27304587,3
"CA612",27304588,60
"CA612",27304589,85
"CA612",27304590,5
"CA612",27304591,2
"CA612",27304592,3
"CA612",27304593,5
"CA612",27304594,3
"CA612",27304595,1
"CA612",27304596,3
"CA612",27304597,3
"CA612",27304598,30
"CA612",27304599,60
"CA612",27304600,85
"CA612",27304601,2
"CA612",27304602,5
"CA612",27304603,3
"CA612",27304604,5
"CA612",27304605,30
"CA612",27304606,2
"CA612",27304607,3
"CA612",27304608,2
"CA612",27304609,3
"CA612",27304610,60
"CA612",27304611,85
"CA612",27304612,9
"CA612",27304613,2
"CA612",27304614,2
"CA612",27304615,2
"CA612",27304616,35
"CA612",27304617,50
"CA612",27304618,2
"CA612",27304619,5
"CA612",27304620,5
"CA612",27304621,3
"CA612",27304622,85
"CA612",27304623,4
"CA612",27304624,5
"CA612",27304625,1
"CA612",27304626,2
"CA612",27304627,3
"CA612",27304628,20
"CA612",27304629,15
"CA612",27304630,45
"CA612",27304631,5
"CA612",27304632,4
"CA612",27304633,5
"CA612",27304634,3
"CA612",27304635,3
"CA612",27304636,85
"CA612",27304637,5
"CA612",27304638,5
"CA612",27304639,5
"CA612",27304640,5
"CA612",27304641,5
"CA612",27304642,3
"CA612",27304643,2
"CA612",27304644,35
"CA612",27304645,50
"CA612",27304646,85
"CA612",27304647,5
"CA612",27304648,2
"CA612",27304649,3
"CA612",27304650,5
"CA612",27304651,50
"CA612",27304652,35
"CA612",27304653,5
"CA612",27304654,5
"CA612",27304655,3
"CA612",27304656,2
"CA612",27304657,85
"CA612",27304658,2
"CA612",27304659,1
"CA612",27304660,8
"CA612",27304661,3
"CA612",27304662,1
"CA612",27304663,5
"CA612",27304664,5
"CA612",27304665,3
"CA612",27304666,2
"CA612",27304667,20
"CA612",27304668,65
"CA612",27304669,85
"CA612",27304670,4
"CA612",27304671,1
"CA612",27304672,4
"CA612",27304673,3
"CA612",27304674,1
"CA612",27304675,2
"CA612",27304676,40
"CA612",27304677,20
"CA612",27304678,25
"CA612",27304679,2
"CA612",27304680,3
"CA612",27304681,5
"CA612",27304682,5
"CA612",27304683,90
"CA612",27304684,3
"CA612",27304685,2
"CA612",27304686,5
"CA612",27304687,30
"CA612",27304688,12
"CA612",27304689,2
"CA612",27304690,2
"CA612",27304691,25
"CA612",27304692,2
"CA612",27304693,2
"CA612",27304694,25
"CA612",27304695,85
"CA612",27304696,8
"CA612",27304697,5
"CA612",27304698,2
"CA612",27304699,35
"CA612",27304700,25
"CA612",27304701,2
"CA612",27304702,2
"CA612",27304703,20
"CA612",27304704,10
"CA612",27304705,3
"CA612",27304706,3
"CA612",27304707,3
"CA612",27304708,2
"CA612",27304709,4
"CA612",27304710,5
"CA612",27304711,85
"CA612",27304712,1
"CA612",27304713,35
"CA612",27304714,8
"CA612",27304715,4
"CA612",27304716,4
"CA612",27304717,20
"CA612",27304718,2
"CA612",27304719,2
"CA612",27304720,25
"CA612",27304721,85
"CA612",27304722,5
"CA612",27304723,5
"CA612",27304724,3
"CA612",27304725,2
"CA612",27304726,35
"CA612",27304727,25
"CA612",27304728,2
"CA612",27304729,2
"CA612",27304730,20
"CA612",27304731,5
"CA612",27304732,5
"CA612",27304733,6
"CA612",27304734,85
"CA612",27304735,3
"CA612",27304736,5
"CA612",27304737,2
"CA612",27304738,5
"CA612",27304739,41
"CA612",27304740,10
"CA612",27304741,5
"CA612",27304742,4
"CA612",27304743,1
"CA612",27304744,39
"CA612",27304745,8
"CA612",27304746,2
"CA612",27304747,46
"CA612",27304748,44
"CA612",27304749,41
"CA612",27304750,39
"CA612",27304751,10
"CA612",27304752,5
"CA612",27304753,4
"CA612",27304754,1
"CA612",27304755,60
"CA612",27304756,30
"CA612",27304757,3
"CA612",27304758,5
"CA612",27304759,2
"CA612",27304760,41
"CA612",27304761,10
"CA612",27304762,5
"CA612",27304763,4
"CA612",27304764,1
"CA612",27304765,39
"CA612",27304766,60
"CA612",27304767,5
"CA612",27304768,3
"CA612",27304769,5
"CA612",27304770,25
"CA612",27304771,2
"CA612",27304772,41
"CA612",27304773,39
"CA612",27304774,1
"CA612",27304775,4
"CA612",27304776,5
"CA612",27304777,10
"CA612",27304778,60
"CA612",27304779,5
"CA612",27304780,5
"CA612",27304781,30
"CA612",27304782,3
"CA612",27304783,3
"CA612",27304784,3
"CA612",27304785,3
"CA612",27304786,3
"CA612",27304787,45
"CA612",27304788,40
"CA612",27304789,85
"CA612",27304790,5
"CA612",27304791,5
"CA612",27304792,5
"CA612",27304793,45
"CA612",27304794,40
"CA612",27304795,3
"CA612",27304796,3
"CA612",27304797,3
"CA612",27304798,3
"CA612",27304799,3
"CA612",27304800,80
"CA612",27304801,5
"CA612",27304802,5
"CA612",27304803,5
"CA612",27304804,5
"CA612",27304805,3
"CA612",27304806,3
"CA612",27304807,3
"CA612",27304808,3
"CA612",27304809,2
"CA612",27304810,1
"CA612",27304811,45
"CA612",27304812,40
"CA612",27304813,90
"CA612",27304814,2
"CA612",27304815,3
"CA612",27304816,5
"CA612",27304817,45
"CA612",27304818,40
"CA612",27304819,3
"CA612",27304820,2
"CA612",27304821,3
"CA612",27304822,1
"CA612",27304823,3
"CA612",27304824,3
"CA612",27304825,85
"CA612",27304826,5
"CA612",27304827,5
"CA612",27304828,5
"CA612",27304829,15
"CA612",27304830,50
"CA612",27304831,20
"CA612",27304832,10
"CA612",27304833,3
"CA612",27304834,1
"CA612",27304835,1
"CA612",27304836,40
"CA612",27304837,50
"CA612",27304838,5
"CA612",27304839,1
"CA612",27304840,2
"CA612",27304841,1
"CA612",27304842,1
"CA612",27304843,20
"CA612",27304844,15
"CA612",27304845,50
"CA612",27304846,1
"CA612",27304847,1
"CA612",27304848,3
"CA612",27304849,10
"CA612",27304850,60
"CA612",27304851,4
"CA612",27304852,4
"CA612",27304853,25
"CA612",27304854,2
"CA612",27304855,3
"CA612",27304856,2
"CA612",27304857,35
"CA612",27304858,45
"CA612",27304859,5
"CA612",27304860,5
"CA612",27304861,5
"CA612",27304862,5
"CA612",27304863,5
"CA612",27304864,5
"CA612",27304865,85
"CA612",27304866,5
"CA612",27304867,20
"CA612",27304868,40
"CA612",27304869,25
"CA612",27304870,4
"CA612",27304871,2
"CA612",27304872,3
"CA612",27304873,3
"CA612",27304874,3
"CA612",27304875,3
"CA612",27304876,3
"CA612",27304877,2
"CA612",27304878,2
"CA612",27304879,90
"CA612",27304880,7
"CA612",27304881,3
"CA612",27304882,3
"CA612",27304883,2
"CA612",27304884,40
"CA612",27304885,25
"CA612",27304886,20
"CA612",27304887,85
"CA612",27304888,5
"CA612",27304889,5
"CA612",27304890,2
"CA612",27304891,3
"CA612",27304892,20
"CA612",27304893,45
"CA612",27304894,2
"CA612",27304895,7
"CA612",27304896,11
"CA612",27304897,15
"CA612",27304898,85
"CA612",27304899,3
"CA612",27304900,3
"CA612",27304901,5
"CA612",27304902,2
"CA612",27304903,2
"CA612",27304904,30
"CA612",27304905,70
"CA612",27304906,90
"CA612",27304907,1
"CA612",27304908,5
"CA612",27304909,3
"CA612",27304910,1
"CA612",27304911,20
"CA612",27304912,25
"CA612",27304913,45
"CA612",27304914,2
"CA612",27304915,2
"CA612",27304916,1
"CA612",27304917,2
"CA612",27304918,1
"CA612",27304919,2
"CA612",27304920,2
"CA612",27304921,3
"CA612",27304922,1
"CA612",27304923,5
"CA612",27304924,85
"CA612",27304925,3
"CA612",27304926,1
"CA612",27304927,2
"CA612",27304928,3
"CA612",27304929,5
"CA612",27304930,40
"CA612",27304931,50
"CA612",27304932,85
"CA612",27304933,3
"CA612",27304934,1
"CA612",27304935,3
"CA612",27304936,4
"CA612",27304937,4
"CA612",27304938,75
"CA612",27304939,2
"CA612",27304940,5
"CA612",27304941,5
"CA612",27304942,10
"CA612",27304943,1
"CA612",27304944,2
"CA612",27304945,85
"CA612",27304946,1
"CA612",27304947,1
"CA612",27304948,3
"CA612",27304949,4
"CA612",27304950,3
"CA612",27304951,3
"CA612",27304952,85
"CA612",27304953,9
"CA612",27304954,3
"CA612",27304955,3
"CA612",27304956,85
"CA612",27304957,5
"CA612",27304958,5
"CA612",27304959,1
"CA612",27304960,2
"CA612",27304961,2
"CA612",27304962,70
"CA612",27304963,5
"CA612",27304964,5
"CA612",27304965,5
"CA612",27304966,5
"CA612",27304967,5
"CA612",27304968,5
"CA612",27304972,70
"CA612",27304973,2
"CA612",27304974,3
"CA612",27304975,5
"CA612",27304976,7
"CA612",27304977,12
"CA612",27304978,1
"CA612",27304979,80
"CA612",27304980,3
"CA612",27304981,5
"CA612",27304982,4
"CA612",27304983,3
"CA612",27304984,5
"CA612",27304985,35
"CA612",27304986,50
"CA612",27304987,3
"CA612",27304988,3
"CA612",27304989,3
"CA612",27304990,4
"CA612",27304991,2
"CA612",27304992,90
"CA612",27304993,1
"CA612",27304994,1
"CA612",27304995,2
"CA612",27304996,2
"CA612",27304997,2
"CA612",27304998,2
"CA612",27304999,25
"CA612",27305000,60
"CA612",27305001,4
"CA612",27305002,3
"CA612",27305003,3
"CA612",27305004,4
"CA612",27305005,1
"CA612",27305006,85
"CA612",27305007,2
"CA612",27305008,5
"CA612",27305009,3
"CA612",27305010,5
"CA612",27305011,85
"CA612",27305012,7
"CA612",27305013,8
"CA612",27305014,45
"CA612",27305015,40
"CA612",27305016,5
"CA612",27305017,5
"CA612",27305018,5
"CA612",27305019,6
"CA612",27305020,2
"CA612",27305021,7
"CA612",27305022,85
"CA612",27305023,45
"CA612",27305024,40
"CA612",27305025,5
"CA612",27305026,5
"CA612",27305027,5
"CA612",27305028,85
"CA612",27305029,5
"CA612",27305030,5
"CA612",27305031,5
"CA612",27305032,80
"CA612",27305033,2
"CA612",27305034,5
"CA612",27305035,5
"CA612",27305036,5
"CA612",27305037,3
"CA612",27305038,85
"CA612",27305039,5
"CA612",27305040,5
"CA612",27305041,5
"CA612",27305042,60
"CA612",27305043,30
"CA612",27305044,2
"CA612",27305045,2
"CA612",27305046,2
"CA612",27305047,2
"CA612",27305048,2
"CA612",27305049,85
"CA612",27305050,5
"CA612",27305051,5
"CA612",27305052,5
"CA612",27305053,80
"CA612",27305054,6
"CA612",27305055,3
"CA612",27305056,4
"CA612",27305057,3
"CA612",27305058,4
"CA612",27305059,6
"CA612",27305060,2
"CA612",27305061,2
"CA612",27305062,80
"CA612",27305063,2
"CA612",27305064,4
"CA612",27305065,4
"CA612",27305066,85
"CA612",27305067,2
"CA612",27305068,4
"CA612",27305069,1
"CA612",27305070,8
"CA612",27305071,85
"CA612",27305072,10
"CA612",27305073,1
"CA612",27305074,3
"CA612",27305075,1
"CA612",27305076,15
"CA612",27305077,25
"CA612",27305078,30
"CA612",27305079,15
"CA612",27305080,1
"CA612",27305081,1
"CA612",27305082,1
"CA612",27305083,2
"CA612",27305084,2
"CA612",27305085,2
"CA612",27305086,2
"CA612",27305087,1
"CA612",27305088,1
"CA612",27305089,1
"CA612",27305090,1
"CA612",27305091,75
"CA612",27305092,20
"CA612",27305093,2
"CA612",27305094,3
"CA612",27305095,100
"CA612",27305096,80
"CA612",27305097,5
"CA612",27305098,5
"CA612",27305099,3
"CA612",27305100,3
"CA612",27305101,2
"CA612",27305102,2
"CA612",27305103,6
"CA612",27305104,45
"CA612",27305105,5
"CA612",27305106,4
"CA612",27305107,40
"CA612",27305112,15
"CA612",27305113,70
"CA612",27305114,1
"CA612",27305115,1
"CA612",27305116,3
"CA612",27305117,2
"CA612",27305118,2
"CA612",27305119,1
"CA612",27305120,3
"CA612",27305121,2
"CA612",27305122,2
"CA612",27305123,8
"CA612",27305124,10
"CA612",27305125,80
"CA612",27305126,2
"CA612",27305127,60
"CA612",27305128,20
"CA612",27305129,10
"CA612",27305130,2
"CA612",27305131,1
"CA612",27305132,2
"CA612",27305133,2
"CA612",27305134,1
"CA612",27305135,5
"CA612",27305136,2
"CA612",27305137,90
"CA612",27305138,3
"CA612",27305139,2
"CA612",27305140,2
"CA612",27305141,2
"CA612",27305142,2
"CA612",27305143,90
"CA612",27305144,2
"CA612",27305145,20
"CA612",27305146,35
"CA612",27305147,25
"CA612",27305148,5
"CA612",27305149,7
"CA612",27305150,3
"CA612",27305151,3
"CA612",27305152,2
"CA612",27305153,24
"CA612",27305154,19
"CA612",27305155,26
"CA612",27305156,21
"CA612",27305157,4
"CA612",27305158,2
"CA612",27305159,2
"CA612",27305160,2
"CA612",27305161,15
"CA612",27305162,40
"CA612",27305163,35
"CA612",27305164,2
"CA612",27305165,4
"CA612",27305166,1
"CA612",27305167,3
"CA612",27305168,60
"CA612",27305169,25
"CA612",27305170,3
"CA612",27305171,3
"CA612",27305172,3
"CA612",27305173,3
"CA612",27305174,3
"CA612",27305175,55
"CA612",27305176,2
"CA612",27305177,2
"CA612",27305178,2
"CA612",27305179,2
"CA612",27305180,2
"CA612",27305181,30
"CA612",27305182,2
"CA612",27305183,3
"CA612",27305184,15
"CA612",27305185,30
"CA612",27305186,2
"CA612",27305187,2
"CA612",27305188,45
"CA612",27305189,2
"CA612",27305190,2
"CA612",27305191,2
"CA612",27305192,50
"CA612",27305193,2
"CA612",27305194,2
"CA612",27305195,3
"CA612",27305196,3
"CA612",27305197,40
"CA612",27305198,50
"CA612",27305199,35
"CA612",27305200,1
"CA612",27305201,3
"CA612",27305202,2
"CA612",27305203,3
"CA612",27305204,2
"CA612",27305205,2
"CA612",27305206,2
"CA612",27305207,50
"CA612",27305208,35
"CA612",27305209,2
"CA612",27305210,2
"CA612",27305211,3
"CA612",27305212,2
"CA612",27305213,3
"CA612",27305214,3
"CA612",27305215,50
"CA612",27305216,40
"CA612",27305217,3
"CA612",27305218,3
"CA612",27305219,2
"CA612",27305220,2
"CA612",27305221,45
"CA612",27305222,40
"CA612",27305223,3
"CA612",27305224,3
"CA612",27305225,4
"CA612",27305226,5
"CA612",27305227,15
"CA612",27305228,15
"CA612",27305229,35
"CA612",27305230,25
"CA612",27305231,2
"CA612",27305232,2
"CA612",27305233,3
"CA612",27305234,3
"CA612",27305235,40
"CA612",27305236,15
"CA612",27305237,15
"CA612",27305238,20
"CA612",27305239,2
"CA612",27305240,3
"CA612",27305241,2
"CA612",27305242,3
"CA612",27305243,31
"CA612",27305244,29
"CA612",27305245,14
"CA612",27305246,3
"CA612",27305247,5
"CA612",27305248,2
"CA612",27305249,16
"CA612",27305250,20
"CA612",27305251,50
"CA612",27305252,15
"CA612",27305253,5
"CA612",27305254,5
"CA612",27305255,5
"CA612",27305256,40
"CA612",27305257,30
"CA612",27305258,5
"CA612",27305259,12
"CA612",27305260,8
"CA612",27305261,5
"CA612",27305262,40
"CA612",27305263,25
"CA612",27305264,7
"CA612",27305265,8
"CA612",27305266,10
"CA612",27305267,10
"CA612",27305268,20
"CA612",27305269,35
"CA612",27305270,30
"CA612",27305271,10
"CA612",27305272,5
"CA612",27305273,35
"CA612",27305274,25
"CA612",27305275,25
"CA612",27305276,1
"CA612",27305277,1
"CA612",27305278,2
"CA612",27305279,2
"CA612",27305280,2
"CA612",27305281,2
"CA612",27305282,2
"CA612",27305283,3
"CA612",27305284,3
"CA612",27305285,2
"CA612",27305286,15
"CA612",27305287,15
"CA612",27305288,15
"CA612",27305289,45
"CA612",27305290,5
"CA612",27305291,20
"CA612",27305292,45
"CA612",27305293,20
"CA612",27305294,3
"CA612",27305295,2
"CA612",27305296,8
"CA612",27305297,2
"CA612",27305298,2
"CA612",27305299,6
"CA612",27305300,2
"CA612",27305301,25
"CA612",27305302,30
"CA612",27305303,35
"CA612",27305304,20
"CA612",27305305,50
"CA612",27305306,20
"CA612",27305307,3
"CA612",27305308,4
"CA612",27305309,3
"CA612",27305310,3
"CA612",27305311,4
"CA612",27305312,3
"CA612",27305313,20
"CA612",27305314,20
"CA612",27305315,50
"CA612",27305316,25
"CA612",27305317,35
"CA612",27305318,20
"CA612",27305319,12
"CA612",27305320,4
"CA612",27305321,4
"CA612",27305322,39
"CA612",27305323,41
"CA612",27305324,12
"CA612",27305325,2
"CA612",27305326,3
"CA612",27305327,3
"CA612",27305328,39
"CA612",27305329,41
"CA612",27305330,12
"CA612",27305331,3
"CA612",27305332,5
"CA612",27305333,70
"CA612",27305334,3
"CA612",27305335,5
"CA612",27305336,10
"CA612",27305337,12
"CA612",27305338,15
"CA612",27305339,30
"CA612",27305340,40
"CA612",27305341,1
"CA612",27305342,1
"CA612",27305343,3
"CA612",27305344,7
"CA612",27305345,3
"CA612",27305346,30
"CA612",27305347,20
"CA612",27305348,35
"CA612",27305349,3
"CA612",27305350,3
"CA612",27305351,2
"CA612",27305352,3
"CA612",27305353,4
"CA612",27305354,34
"CA612",27305355,36
"CA612",27305356,15
"CA612",27305357,5
"CA612",27305358,5
"CA612",27305359,2
"CA612",27305360,2
"CA612",27305361,1
"CA612",27305362,39
"CA612",27305363,41
"CA612",27305364,7
"CA612",27305365,6
"CA612",27305366,2
"CA612",27305367,2
"CA612",27305368,2
"CA612",27305369,1
"CA612",27305370,41
"CA612",27305371,39
"CA612",27305372,1
"CA612",27305373,2
"CA612",27305374,2
"CA612",27305375,2
"CA612",27305376,6
"CA612",27305377,7
"CA612",27305378,40
"CA612",27305379,30
"CA612",27305380,20
"CA612",27305381,2
"CA612",27305382,3
"CA612",27305383,3
"CA612",27305384,2
"CA612",27305385,80
"CA612",27305386,4
"CA612",27305387,5
"CA612",27305388,5
"CA612",27305389,5
"CA612",27305390,1
"CA612",27305391,80
"CA612",27305392,1
"CA612",27305393,3
"CA612",27305394,5
"CA612",27305395,5
"CA612",27305396,6
"CA612",27305397,35
"CA612",27305398,55
"CA612",27305399,5
"CA612",27305400,3
"CA612",27305401,2
"CA612",27305402,35
"CA612",27305403,25
"CA612",27305404,25
"CA612",27305405,3
"CA612",27305406,1
"CA612",27305407,2
"CA612",27305408,2
"CA612",27305409,2
"CA612",27305410,2
"CA612",27305411,1
"CA612",27305412,2
"CA612",27305413,85
"CA612",27305414,2
"CA612",27305415,2
"CA612",27305416,3
"CA612",27305417,3
"CA612",27305418,5
"CA612",27305419,90
"CA612",27305420,2
"CA612",27305421,1
"CA612",27305422,7
"CA612",27305423,90
"CA612",27305424,1
"CA612",27305425,2
"CA612",27305426,3
"CA612",27305427,2
"CA612",27305428,1
"CA612",27305429,1
"CA612",27305430,80
"CA612",27305431,5
"CA612",27305432,8
"CA612",27305433,1
"CA612",27305434,2
"CA612",27305435,2
"CA612",27305436,2
"CA612",27305437,90
"CA612",27305438,3
"CA612",27305439,5
"CA612",27305440,2
"CA612",27305441,100
"CA612",27305442,15
"CA612",27305443,34
"CA612",27305444,36
"CA612",27305445,5
"CA612",27305446,10
"CA612",27305447,50
"CA612",27305448,40
"CA612",27305449,2
"CA612",27305450,5
"CA612",27305451,3
"CA612",27305452,60
"CA612",27305453,1
"CA612",27305454,4
"CA612",27305455,5
"CA612",27305456,3
"CA612",27305457,25
"CA612",27305458,1
"CA612",27305459,1
"CA612",27305460,50
"CA612",27305461,40
"CA612",27305462,6
"CA612",27305463,3
"CA612",27305464,1
"CA612",27305465,35
"CA612",27305466,1
"CA612",27305467,1
"CA612",27305468,3
"CA612",27305469,4
"CA612",27305470,5
"CA612",27305471,50
"CA612",27305472,1
"CA612",27305473,20
"CA612",27305474,60
"CA612",27305475,5
"CA612",27305476,4
"CA612",27305477,4
"CA612",27305478,2
"CA612",27305479,2
"CA612",27305480,1
"CA612",27305481,2
"CA612",27305482,60
"CA612",27305483,5
"CA612",27305484,4
"CA612",27305485,4
"CA612",27305486,2
"CA612",27305487,2
"CA612",27305488,1
"CA612",27305489,2
"CA612",27305490,20
"CA612",27305491,20
"CA612",27305492,60
"CA612",27305493,3
"CA612",27305494,2
"CA612",27305495,5
"CA612",27305496,5
"CA612",27305497,5
"CA612",27305498,5
"CA612",27305499,5
"CA612",27305500,3
"CA612",27305501,2
"CA612",27305502,3
"CA612",27305503,2
"CA612",27305504,80
"CA612",27305505,85
"CA612",27305506,2
"CA612",27305507,2
"CA612",27305508,2
"CA612",27305509,3
"CA612",27305510,3
"CA612",27305511,3
"CA612",27305512,75
"CA612",27305513,3
"CA612",27305514,6
"CA612",27305515,9
"CA612",27305516,4
"CA612",27305517,2
"CA612",27305518,1
"CA612",27305519,50
"CA612",27305520,40
"CA612",27305521,4
"CA612",27305522,4
"CA612",27305523,2
"CA612",27305524,50
"CA612",27305525,40
"CA612",27305526,1
"CA612",27305527,2
"CA612",27305528,5
"CA612",27305529,2
"CA612",27305530,50
"CA612",27305531,40
"CA612",27305532,1
"CA612",27305533,6
"CA612",27305534,2
"CA612",27305535,1
"CA612",27305536,80
"CA612",27305537,3
"CA612",27305538,4
"CA612",27305539,4
"CA612",27305540,9
"CA612",27305541,80
"CA612",27305542,9
"CA612",27305543,3
"CA612",27305544,4
"CA612",27305545,4
"CA612",27305546,80
"CA612",27305547,2
"CA612",27305548,2
"CA612",27305549,4
"CA612",27305550,6
"CA612",27305551,6
"CA612",27305552,75
"CA612",27305553,3
"CA612",27305554,8
"CA612",27305555,6
"CA612",27305556,2
"CA612",27305557,6
"CA612",27305558,30
"CA612",27305559,55
"CA612",27305560,1
"CA612",27305561,12
"CA612",27305562,1
"CA612",27305563,1
"CA612",27305564,65
"CA612",27305565,20
"CA612",27305566,2
"CA612",27305567,8
"CA612",27305568,3
"CA612",27305569,2
"CA612",27305570,60
"CA612",27305571,25
"CA612",27305572,2
"CA612",27305573,10
"CA612",27305574,2
"CA612",27305575,1
"CA612",27305576,85
"CA612",27305577,7
"CA612",27305578,3
"CA612",27305579,4
"CA612",27305580,1
"CA612",27305581,85
"CA612",27305582,1
"CA612",27305583,2
"CA612",27305584,5
"CA612",27305585,7
"CA612",27305586,20
"CA612",27305587,60
"CA612",27305588,5
"CA612",27305589,8
"CA612",27305590,2
"CA612",27305591,1
"CA612",27305592,4
"CA612",27305593,85
"CA612",27305594,2
"CA612",27305595,3
"CA612",27305596,5
"CA612",27305597,5
"CA612",27305598,75
"CA612",27305599,10
"CA612",27305600,10
"CA612",27305601,3
"CA612",27305602,2
"CA612",27305603,80
"CA612",27305604,2
"CA612",27305605,3
"CA612",27305606,7
"CA612",27305607,8
"CA612",27305608,40
"CA612",27305609,50
"CA612",27305610,1
"CA612",27305611,1
"CA612",27305612,1
"CA612",27305613,1
"CA612",27305614,2
"CA612",27305615,3
"CA612",27305616,1
"CA612",27305617,60
"CA612",27305618,2
"CA612",27305619,1
"CA612",27305620,30
"CA612",27305621,5
"CA612",27305622,2
"CA612",27305623,25
"CA612",27305624,20
"CA612",27305625,45
"CA612",27305626,1
"CA612",27305627,3
"CA612",27305628,2
"CA612",27305629,2
"CA612",27305630,1
"CA612",27305631,1
"CA612",27305632,60
"CA612",27305633,20
"CA612",27305634,2
"CA612",27305635,4
"CA612",27305636,5
"CA612",27305637,5
"CA612",27305638,4
"CA612",27305639,25
"CA612",27305640,45
"CA612",27305641,20
"CA612",27305642,4
"CA612",27305643,2
"CA612",27305644,1
"CA612",27305645,2
"CA612",27305646,1
"CA612",27305647,45
"CA612",27305648,20
"CA612",27305649,25
"CA612",27305650,2
"CA612",27305651,2
"CA612",27305652,2
"CA612",27305653,2
"CA612",27305654,2
"CA612",27305655,2
"CA612",27305656,2
"CA612",27305657,2
"CA612",27305658,3
"CA612",27305659,1
"CA612",27305660,25
"CA612",27305661,20
"CA612",27305662,45
"CA612",27305663,80
"CA612",27305664,2
"CA612",27305665,2
"CA612",27305666,3
"CA612",27305667,3
"CA612",27305668,4
"CA612",27305669,4
"CA612",27305670,2
"CA612",27305671,35
"CA612",27305672,50
"CA612",27305673,1
"CA612",27305674,2
"CA612",27305675,2
"CA612",27305676,2
"CA612",27305677,2
"CA612",27305678,3
"CA612",27305679,3
"CA612",27305680,2
"CA612",27305681,2
"CA612",27305682,1
"CA612",27305683,7
"CA612",27305684,2
"CA612",27305685,2
"CA612",27305686,2
"CA612",27305687,60
"CA612",27305688,20
"CA612",27305689,2
"CA612",27305690,60
"CA612",27305691,3
"CA612",27305692,4
"CA612",27305693,3
"CA612",27305694,30
"CA612",27305695,90
"CA612",27305696,2
"CA612",27305697,3
"CA612",27305698,5
"CA612",27305699,2
"CA612",27305700,2
"CA612",27305701,2
"CA612",27305702,2
"CA612",27305703,2
"CA612",27305704,5
"CA612",27305705,35
"CA612",27305706,50
"CA612",27305707,9
"CA612",27305708,80
"CA612",27305709,2
"CA612",27305710,2
"CA612",27305711,3
"CA612",27305712,4
"CA612",27305713,50
"CA612",27305714,1
"CA612",27305715,2
"CA612",27305716,1
"CA612",27305717,2
"CA612",27305718,2
"CA612",27305719,2
"CA612",27305720,40
"CA612",27305721,6
"CA612",27305722,2
"CA612",27305723,2
"CA612",27305724,2
"CA612",27305725,2
"CA612",27305726,2
"CA612",27305727,2
"CA612",27305728,2
"CA612",27305729,15
"CA612",27305730,25
"CA612",27305731,40
"CA612",27305732,20
"CA612",27305733,8
"CA612",27305734,5
"CA612",27305735,4
"CA612",27305736,3
"CA612",27305737,35
"CA612",27305738,25
"CA612",27305739,50
"CA612",27305740,15
"CA612",27305741,3
"CA612",27305742,4
"CA612",27305743,8
"CA612",27305744,20
"CA612",27305745,20
"CA612",27305746,8
"CA612",27305747,4
"CA612",27305748,4
"CA612",27305749,4
"CA612",27305750,60
"CA612",27305751,50
"CA612",27305752,4
"CA612",27305753,4
"CA612",27305754,4
"CA612",27305755,8
"CA612",27305756,30
"CA612",27305757,15
"CA612",27305758,60
"CA612",27305759,4
"CA612",27305760,2
"CA612",27305761,3
"CA612",27305762,1
"CA612",27305763,15
"CA612",27305764,15
"CA612",27305765,40
"CA612",27305766,30
"CA612",27305767,5
"CA612",27305768,5
"CA612",27305769,3
"CA612",27305770,2
"CA612",27305771,15
"CA612",27305772,40
"CA612",27305773,2
"CA612",27305774,3
"CA612",27305775,5
"CA612",27305776,5
"CA612",27305777,30
"CA612",27305778,2
"CA612",27305779,2
"CA612",27305780,1
"CA612",27305781,7
"CA612",27305782,2
"CA612",27305783,2
"CA612",27305784,2
"CA612",27305785,60
"CA612",27305786,20
"CA612",27305787,2
"CA612",27305788,20
"CA612",27305789,60
"CA612",27305790,2
"CA612",27305791,2
"CA612",27305792,2
"CA612",27305793,7
"CA612",27305794,1
"CA612",27305795,2
"CA612",27305796,2
"CA612",27305797,2
"CA612",27305798,60
"CA612",27305799,20
"CA612",27305800,5
"CA612",27305801,4
"CA612",27305802,1
"CA612",27305803,7
"CA612",27305804,2
"CA612",27305805,1
"CA612",27305806,35
"CA612",27305807,5
"CA612",27305808,3
"CA612",27305809,2
"CA612",27305810,2
"CA612",27305811,3
"CA612",27305812,50
"CA612",27305813,50
"CA612",27305814,3
"CA612",27305815,3
"CA612",27305816,3
"CA612",27305817,2
"CA612",27305818,2
"CA612",27305819,1
"CA612",27305820,1
"CA612",27305821,35
"CA612",27305822,35
"CA612",27305823,50
"CA612",27305824,2
"CA612",27305825,1
"CA612",27305826,3
"CA612",27305827,2
"CA612",27305828,2
"CA612",27305829,2
"CA612",27305830,3
"CA612",27305831,5
"CA612",27305832,2
"CA612",27305833,5
"CA612",27305834,85
"CA612",27305835,3
"CA612",27305836,80
"CA612",27305837,3
"CA612",27305838,3
"CA612",27305839,1
"CA612",27305840,1
"CA612",27305841,1
"CA612",27305842,1
"CA612",27305843,1
"CA612",27305844,5
"CA612",27305845,4
"CA612",27305846,75
"CA612",27305847,1
"CA612",27305848,1
"CA612",27305849,1
"CA612",27305850,1
"CA612",27305851,1
"CA612",27305852,5
"CA612",27305853,5
"CA612",27305854,5
"CA612",27305855,4
"CA612",27305856,1
"CA612",27305857,80
"CA612",27305858,3
"CA612",27305859,5
"CA612",27305860,5
"CA612",27305861,5
"CA612",27305862,2
"CA612",27305863,35
"CA612",27305864,55
"CA612",27305865,1
"CA612",27305866,9
"CA612",27305867,30
"CA612",27305868,50
"CA612",27305869,5
"CA612",27305870,4
"CA612",27305871,9
"CA612",27305872,2
"CA612",27305873,50
"CA612",27305874,30
"CA612",27305875,3
"CA612",27305876,9
"CA612",27305877,2
"CA612",27305878,2
"CA612",27305879,4
"CA612",27305880,30
"CA612",27305881,50
"CA612",27305882,2
"CA612",27305883,2
"CA612",27305884,3
"CA612",27305885,9
"CA612",27305886,2
"CA612",27305887,2
"CA612",27305888,85
"CA612",27305889,10
"CA612",27305890,5
"CA612",27305891,4
"CA612",27305892,6
"CA612",27305893,4
"CA612",27305894,6
"CA612",27305895,80
"CA612",27305896,85
"CA612",27305897,10
"CA612",27305898,3
"CA612",27305899,2
"CA612",27305900,30
"CA612",27305901,45
"CA612",27305902,15
"CA612",27305903,2
"CA612",27305904,3
"CA612",27305905,5
"CA612",27305906,35
"CA612",27305907,50
"CA612",27305908,1
"CA612",27305909,2
"CA612",27305910,4
"CA612",27305911,4
"CA612",27305912,4
"CA612",27305913,50
"CA612",27305914,35
"CA612",27305915,4
"CA612",27305916,5
"CA612",27305917,2
"CA612",27305918,2
"CA612",27305919,2
"CA612",27305920,5
"CA612",27305921,4
"CA612",27305922,2
"CA612",27305923,2
"CA612",27305924,2
"CA612",27305925,50
"CA612",27305926,35
"CA612",27305927,35
"CA612",27305928,50
"CA612",27305929,5
"CA612",27305930,4
"CA612",27305931,2
"CA612",27305932,2
"CA612",27305933,2
"CA612",27305934,5
"CA612",27305935,5
"CA612",27305936,2
"CA612",27305937,5
"CA612",27305938,3
"CA612",27305939,45
"CA612",27305940,35
"CA612",27305941,20
"CA612",27305942,35
"CA612",27305943,10
"CA612",27305944,20
"CA612",27305945,1
"CA612",27305946,2
"CA612",27305947,3
"CA612",27305948,3
"CA612",27305949,3
"CA612",27305950,3
"CA612",27305951,10
"CA612",27305952,5
"CA612",27305953,3
"CA612",27305954,5
"CA612",27305955,2
"CA612",27305956,35
"CA612",27305957,20
"CA612",27305958,20
"CA612",27305959,10
"CA612",27305960,5
"CA612",27305961,3
"CA612",27305962,2
"CA612",27305963,2
"CA612",27305964,3
"CA612",27305965,35
"CA612",27305966,20
"CA612",27305967,20
"CA612",27305968,10
"CA612",27305969,20
"CA612",27305970,20
"CA612",27305971,35
"CA612",27305972,5
"CA612",27305973,5
"CA612",27305974,2
"CA612",27305975,3
"CA612",27305976,80
"CA612",27305977,4
"CA612",27305978,4
"CA612",27305979,4
"CA612",27305980,4
"CA612",27305981,4
"CA612",27305982,80
"CA612",27305983,4
"CA612",27305984,4
"CA612",27305985,4
"CA612",27305986,4
"CA612",27305987,4
"CA612",27305988,80
"CA612",27305989,4
"CA612",27305990,4
"CA612",27305991,4
"CA612",27305992,4
"CA612",27305993,4
"CA612",27305994,90
"CA612",27305995,1
"CA612",27305996,2
"CA612",27305997,2
"CA612",27305998,5
"CA612",27305999,3
"CA612",27306000,3
"CA612",27306001,2
"CA612",27306002,2
"CA612",27306003,40
"CA612",27306004,50
"CA612",27306005,5
"CA612",27306006,85
"CA612",27306007,3
"CA612",27306008,2
"CA612",27306009,5
"CA612",27306010,3
"CA612",27306011,3
"CA612",27306012,3
"CA612",27306013,2
"CA612",27306014,2
"CA612",27306015,2
"CA612",27306016,85
"CA612",27306017,29
"CA612",27306018,20
"CA612",27306019,31
"CA612",27306020,12
"CA612",27306021,8
"CA612",27306022,45
"CA612",27306023,40
"CA612",27306024,2
"CA612",27306025,2
"CA612",27306026,5
"CA612",27306027,2
"CA612",27306028,1
"CA612",27306029,2
"CA612",27306030,1
"CA612",27306031,40
"CA612",27306032,2
"CA612",27306033,1
"CA612",27306034,2
"CA612",27306035,5
"CA612",27306036,2
"CA612",27306037,3
"CA612",27306038,45
"CA612",27306039,15
"CA612",27306040,15
"CA612",27306041,8
"CA612",27306042,35
"CA612",27306043,5
"CA612",27306044,8
"CA612",27306045,5
"CA612",27306046,5
"CA612",27306047,4
"CA612",27306048,60
"CA612",27306049,5
"CA612",27306050,20
"CA612",27306051,2
"CA612",27306052,2
"CA612",27306053,2
"CA612",27306054,9
"CA612",27306055,20
"CA612",27306056,25
"CA612",27306057,40
"CA612",27306058,5
"CA612",27306059,10
"CA612",27306060,20
"CA612",27306061,2
"CA612",27306062,4
"CA612",27306063,2
"CA612",27306064,5
"CA612",27306065,2
"CA612",27306066,35
"CA612",27306067,30
"CA612",27306068,5
"CA612",27306069,5
"CA612",27306070,3
"CA612",27306071,2
"CA612",27306072,50
"CA612",27306073,35
"CA612",27306074,3
"CA612",27306075,35
"CA612",27306076,3
"CA612",27306077,2
"CA612",27306078,3
"CA612",27306079,2
"CA612",27306080,2
"CA612",27306081,50
"CA612",27306082,50
"CA612",27306083,35
"CA612",27306084,3
"CA612",27306085,2
"CA612",27306086,3
"CA612",27306087,2
"CA612",27306088,5
"CA612",27306089,50
"CA612",27306090,35
"CA612",27306091,3
"CA612",27306092,2
"CA612",27306093,3
"CA612",27306094,5
"CA612",27306095,2
"CA612",27306096,30
"CA612",27306097,5
"CA612",27306098,5
"CA612",27306099,5
"CA612",27306100,3
"CA612",27306101,50
"CA612",27306102,2
"CA612",27306103,55
"CA612",27306104,2
"CA612",27306105,2
"CA612",27306106,5
"CA612",27306107,5
"CA612",27306108,30
"CA612",27306109,1
"CA612",27306110,30
"CA612",27306111,7
"CA612",27306112,6
"CA612",27306113,55
"CA612",27306114,1
"CA612",27306115,1
"CA612",27306116,2
"CA612",27306117,2
"CA612",27306118,2
"CA612",27306119,50
"CA612",27306120,2
"CA612",27306121,40
"CA612",27306122,2
"CA612",27306123,40
"CA612",27306124,50
"CA612",27306125,1
"CA612",27306126,2
"CA612",27306127,2
"CA612",27306128,2
"CA612",27306129,2
"CA612",27306130,1
"CA612",27306131,45
"CA612",27306132,40
"CA612",27306133,3
"CA612",27306134,2
"CA612",27306135,9
"CA612",27306136,1
"CA612",27306137,3
"CA612",27306138,5
"CA612",27306139,2
"CA612",27306140,2
"CA612",27306141,40
"CA612",27306142,45
"CA612",27306143,3
"CA612",27306144,80
"CA612",27306145,6
"CA612",27306146,3
"CA612",27306147,3
"CA612",27306148,2
"CA612",27306149,2
"CA612",27306150,2
"CA612",27306151,2
"CA612",27306152,80
"CA612",27306153,1
"CA612",27306154,2
"CA612",27306155,2
"CA612",27306156,2
"CA612",27306157,2
"CA612",27306158,2
"CA612",27306159,3
"CA612",27306160,3
"CA612",27306161,3
"CA612",27306162,20
"CA612",27306163,35
"CA612",27306164,40
"CA612",27306165,1
"CA612",27306166,1
"CA612",27306167,3
"CA612",27306168,15
"CA612",27306169,35
"CA612",27306170,40
"CA612",27306171,3
"CA612",27306172,3
"CA612",27306173,2
"CA612",27306174,2
"CA612",27306175,15
"CA612",27306176,35
"CA612",27306177,40
"CA612",27306178,2
"CA612",27306179,2
"CA612",27306180,3
"CA612",27306181,3
"CA612",27306182,35
"CA612",27306183,50
"CA612",27306184,10
"CA612",27306185,2
"CA612",27306186,1
"CA612",27306187,1
"CA612",27306188,1
"CA612",27306189,25
"CA612",27306190,60
"CA612",27306191,1
"CA612",27306192,2
"CA612",27306193,2
"CA612",27306194,2
"CA612",27306195,8
"CA612",27306196,20
"CA612",27306197,25
"CA612",27306198,40
"CA612",27306199,10
"CA612",27306200,4
"CA612",27306201,1
"CA612",27306202,15
"CA612",27306203,30
"CA612",27306204,40
"CA612",27306205,2
"CA612",27306206,5
"CA612",27306207,8
"CA612",27306208,65
"CA612",27306209,2
"CA612",27306210,3
"CA612",27306211,5
"CA612",27306212,7
"CA612",27306213,8
"CA612",27306214,10
"CA612",27306215,75
"CA612",27306216,10
"CA612",27306217,5
"CA612",27306218,5
"CA612",27306219,5
"CA612",27306220,80
"CA612",27306221,5
"CA612",27306222,5
"CA612",27306223,2
"CA612",27306224,8
"CA612",27306225,75
"CA612",27306226,5
"CA612",27306227,10
"CA612",27306228,5
"CA612",27306229,5
"CA612",27306230,80
"CA612",27306231,10
"CA612",27306232,5
"CA612",27306233,5
"CA612",27306234,70
"CA612",27306235,4
"CA612",27306236,5
"CA612",27306237,5
"CA612",27306238,5
"CA612",27306239,8
"CA612",27306240,3
"CA612",27306241,6
"CA612",27306242,6
"CA612",27306243,6
"CA612",27306244,6
"CA612",27306245,6
"CA612",27306246,70
"CA612",27306247,70
"CA612",27306248,6
"CA612",27306249,3
"CA612",27306250,6
"CA612",27306251,6
"CA612",27306252,3
"CA612",27306253,3
"CA612",27306254,3
"CA612",27306255,3
"CA612",27306256,3
"CA612",27306257,3
"CA612",27306258,5
"CA612",27306259,5
"CA612",27306260,6
"CA612",27306261,5
"CA612",27306262,70
"CA612",27306263,75
"CA612",27306264,5
"CA612",27306265,5
"CA612",27306266,5
"CA612",27306267,10
"CA612",27306268,75
"CA612",27306269,5
"CA612",27306270,10
"CA612",27306271,5
"CA612",27306272,5
"CA612",27306273,75
"CA612",27306274,10
"CA612",27306275,13
"CA612",27306276,2
"CA612",27306277,80
"CA612",27306278,10
"CA612",27306279,10
"CA612",27306280,80
"CA612",27306281,10
"CA612",27306282,10
"CA612",27306283,50
"CA612",27306284,40
"CA612",27306285,2
"CA612",27306286,2
"CA612",27306287,6
"CA612",27306288,50
"CA612",27306289,40
"CA612",27306290,6
"CA612",27306291,2
"CA612",27306292,2
"CA612",27306293,60
"CA612",27306294,30
"CA612",27306295,4
"CA612",27306296,4
"CA612",27306297,2
"CA612",27306298,60
"CA612",27306299,30
"CA612",27306300,8
"CA612",27306301,2
"CA612",27306302,50
"CA612",27306303,40
"CA612",27306304,2
"CA612",27306305,8
"CA612",27306306,80
"CA612",27306307,8
"CA612",27306308,2
"CA612",27306309,3
"CA612",27306310,2
"CA612",27306311,1
"CA612",27306312,2
"CA612",27306313,2
"CA612",27306314,39
"CA612",27306315,41
"CA612",27306316,5
"CA612",27306317,5
"CA612",27306318,10
"CA612",27306319,70
"CA612",27306320,20
"CA612",27306321,5
"CA612",27306322,5
"CA612",27306323,5
"CA612",27306324,5
"CA612",27306325,20
"CA612",27306326,70
"CA612",27306327,60
"CA612",27306328,5
"CA612",27306329,5
"CA612",27306330,5
"CA612",27306331,1
"CA612",27306332,15
"CA612",27306333,4
"CA612",27306334,5
"CA612",27306335,65
"CA612",27306336,6
"CA612",27306337,9
"CA612",27306338,5
"CA612",27306339,3
"CA612",27306340,8
"CA612",27306341,4
"CA612",27306342,40
"CA612",27306343,45
"CA612",27306344,4
"CA612",27306345,4
"CA612",27306346,2
"CA612",27306347,2
"CA612",27306348,2
"CA612",27306349,1
"CA612",27306350,2
"CA612",27306351,1
"CA612",27306352,2
"CA612",27306353,2
"CA612",27306354,1
"CA612",27306355,2
"CA612",27306356,15
"CA612",27306357,35
"CA612",27306358,40
"CA612",27306359,15
"CA612",27306360,25
"CA612",27306361,40
"CA612",27306362,1
"CA612",27306363,1
"CA612",27306364,1
"CA612",27306365,2
"CA612",27306366,2
"CA612",27306367,3
"CA612",27306368,10
"CA612",27306369,25
"CA612",27306370,40
"CA612",27306371,20
"CA612",27306372,3
"CA612",27306373,3
"CA612",27306374,3
"CA612",27306375,3
"CA612",27306376,3
"CA612",27306377,95
"CA612",27306378,3
"CA612",27306379,2
"CA612",27306380,100
"CA612",27306381,100
"CA612",27306382,28
"CA612",27306383,32
"CA612",27306384,2
"CA612",27306385,1
"CA612",27306386,3
"CA612",27306387,3
"CA612",27306388,1
"CA612",27306389,30
"CA612",27306390,30
"CA612",27306391,40
"CA612",27306392,25
"CA612",27306393,5
"CA612",27306394,10
"CA612",27306395,20
"CA612",27306396,20
"CA612",27306397,45
"CA612",27306398,1
"CA612",27306399,2
"CA612",27306400,2
"CA612",27306401,35
"CA612",27306402,55
"CA612",27306403,5
"CA612",27306404,5
"CA612",27306405,80
"CA612",27306406,2
"CA612",27306407,2
"CA612",27306408,6
"CA612",27306409,6
"CA612",27306410,4
"CA612",27306411,30
"CA612",27306412,2
"CA612",27306413,3
"CA612",27306414,5
"CA612",27306415,35
"CA612",27306416,25
"CA612",27306417,40
"CA612",27306418,45
"CA612",27306419,3
"CA612",27306420,2
"CA612",27306421,2
"CA612",27306422,3
"CA612",27306423,5
"CA612",27306424,35
"CA612",27306425,2
"CA612",27306426,2
"CA612",27306427,5
"CA612",27306428,2
"CA612",27306429,4
"CA612",27306430,5
"CA612",27306431,45
"CA612",27306432,25
"CA612",27306433,30
"CA612",27306434,35
"CA612",27306435,2
"CA612",27306436,2
"CA612",27306437,4
"CA612",27306438,1
"CA612",27306439,1
"CA612",27306440,35
"CA612",27306441,55
"CA612",27306442,2
"CA612",27306443,2
"CA612",27306444,3
"CA612",27306445,3
"CA612",27306446,75
"CA612",27306447,3
"CA612",27306448,3
"CA612",27306449,4
"CA612",27306450,5
"CA612",27306451,10
"CA612",27306452,90
"CA612",27306453,2
"CA612",27306454,4
"CA612",27306455,4
"CA612",27306456,15
"CA612",27306457,20
"CA612",27306458,50
"CA612",27306459,2
"CA612",27306460,2
"CA612",27306461,3
"CA612",27306462,8
"CA612",27306463,3
"CA612",27306464,5
"CA612",27306465,2
"CA612",27306466,90
"CA612",27306467,15
"CA612",27306468,55
"CA612",27306469,20
"CA612",27306470,2
"CA612",27306471,2
"CA612",27306472,2
"CA612",27306473,2
"CA612",27306474,2
"CA612",27306475,35
"CA612",27306476,50
"CA612",27306477,2
"CA612",27306478,3
"CA612",27306479,5
"CA612",27306480,3
"CA612",27306481,2
"CA612",27306482,80
"CA612",27306483,2
"CA612",27306484,5
"CA612",27306485,5
"CA612",27306486,8
"CA612",27306487,5
"CA612",27306488,95
"CA612",27306489,95
"CA612",27306490,5
"CA612",27306491,35
"CA612",27306492,45
"CA612",27306493,3
"CA612",27306494,4
"CA612",27306495,4
"CA612",27306496,2
"CA612",27306497,7
"CA612",27306498,35
"CA612",27306499,45
"CA612",27306500,4
"CA612",27306501,3
"CA612",27306502,3
"CA612",27306503,4
"CA612",27306504,3
"CA612",27306505,3
"CA612",27306506,35
"CA612",27306507,25
"CA612",27306508,20
"CA612",27306509,5
"CA612",27306510,5
"CA612",27306511,5
"CA612",27306512,5
"CA612",27306513,80
"CA612",27306514,4
"CA612",27306515,4
"CA612",27306516,4
"CA612",27306517,4
"CA612",27306518,4
"CA612",27306519,40
"CA612",27306520,25
"CA612",27306521,20
"CA612",27306522,3
"CA612",27306523,3
"CA612",27306524,3
"CA612",27306525,3
"CA612",27306526,3
"CA612",27306527,45
"CA612",27306528,20
"CA612",27306529,15
"CA612",27306530,5
"CA612",27306531,5
"CA612",27306532,5
"CA612",27306533,5
"CA612",27306534,40
"CA612",27306535,5
"CA612",27306536,30
"CA612",27306537,25
"CA612",27306538,80
"CA612",27306539,2
"CA612",27306540,3
"CA612",27306541,5
"CA612",27306542,10
"CA612",27306543,75
"CA612",27306544,2
"CA612",27306545,3
"CA612",27306546,3
"CA612",27306547,5
"CA612",27306548,12
"CA612",27306549,80
"CA612",27306550,10
"CA612",27306551,5
"CA612",27306552,5
"CA612",27306553,80
"CA612",27306554,10
"CA612",27306555,5
"CA612",27306556,5
"CA612",27306557,80
"CA612",27306558,10
"CA612",27306559,5
"CA612",27306560,5
"CA612",27306561,80
"CA612",27306562,4
"CA612",27306563,4
"CA612",27306564,4
"CA612",27306565,4
"CA612",27306566,4
"CA612",27306567,85
"CA612",27306568,3
"CA612",27306569,3
"CA612",27306570,9
"CA612",27306571,45
"CA612",27306572,9
"CA612",27306573,3
"CA612",27306574,3
"CA612",27306575,40
"CA612",27306576,85
"CA612",27306577,5
"CA612",27306578,5
"CA612",27306579,3
"CA612",27306580,2
"CA612",27306581,85
"CA612",27306582,5
"CA612",27306583,5
"CA612",27306584,3
"CA612",27306585,2
"CA612",27306586,5
"CA612",27306587,5
"CA612",27306588,3
"CA612",27306589,2
"CA612",27306590,85
"CA612",27306591,85
"CA612",27306592,5
"CA612",27306593,5
"CA612",27306594,3
"CA612",27306595,2
"CA612",27306596,85
"CA612",27306597,3
"CA612",27306598,3
"CA612",27306599,3
"CA612",27306600,4
"CA612",27306601,2
"CA612",27306602,15
"CA612",27306603,30
"CA612",27306604,20
"CA612",27306605,3
"CA612",27306606,5
"CA612",27306607,2
"CA612",27306608,25
"CA612",27306609,40
"CA612",27306610,45
"CA612",27306611,2
"CA612",27306612,2
"CA612",27306613,5
"CA612",27306614,6
"CA612",27306615,40
"CA612",27306616,25
"CA612",27306617,20
"CA612",27306618,6
"CA612",27306619,3
"CA612",27306620,3
"CA612",27306621,3
"CA612",27306626,85
"CA612",27306627,2
"CA612",27306628,2
"CA612",27306629,2
"CA612",27306630,2
"CA612",27306631,2
"CA612",27306632,1
"CA612",27306633,1
"CA612",27306634,2
"CA612",27306635,1
"CA612",27306636,85
"CA612",27306637,5
"CA612",27306638,5
"CA612",27306639,5
"CA612",27306640,5
"CA612",27306641,5
"CA612",27306642,90
"CA612",27306643,90
"CA612",27306644,5
"CA612",27306645,3
"CA612",27306646,2
"CA612",27306647,80
"CA612",27306648,10
"CA612",27306649,5
"CA612",27306650,5
"CA612",27306651,80
"CA612",27306652,4
"CA612",27306653,4
"CA612",27306654,4
"CA612",27306655,4
"CA612",27306656,4
"CA612",27306657,80
"CA612",27306658,4
"CA612",27306659,4
"CA612",27306660,4
"CA612",27306661,4
"CA612",27306662,4
"CA612",27306663,80
"CA612",27306664,5
"CA612",27306665,5
"CA612",27306666,5
"CA612",27306667,5
"CA612",27306676,90
"CA612",27306677,5
"CA612",27306678,2
"CA612",27306679,2
"CA612",27306680,1
"CA612",27306681,85
"CA612",27306682,5
"CA612",27306683,5
"CA612",27306684,5
"CA612",27306685,70
"CA612",27306686,5
"CA612",27306687,5
"CA612",27306688,5
"CA612",27306689,5
"CA612",27306690,5
"CA612",27306691,5
"CA612",27306692,40
"CA612",27306693,50
"CA612",27306694,2
"CA612",27306695,2
"CA612",27306696,3
"CA612",27306697,3
"CA612",27306698,80
"CA612",27306699,1
"CA612",27306700,2
"CA612",27306701,2
"CA612",27306702,2
"CA612",27306703,2
"CA612",27306704,3
"CA612",27306705,3
"CA612",27306706,5
"CA612",27306707,80
"CA612",27306708,5
"CA612",27306709,5
"CA612",27306710,2
"CA612",27306711,2
"CA612",27306712,4
"CA612",27306713,2
"CA612",27306714,80
"CA612",27306715,5
"CA612",27306716,5
"CA612",27306717,4
"CA612",27306718,2
"CA612",27306719,2
"CA612",27306720,2
"CA612",27306721,40
"CA612",27306722,50
"CA612",27306723,2
"CA612",27306724,2
"CA612",27306725,2
"CA612",27306726,3
"CA612",27306727,1
"CA612",27306728,60
"CA612",27306729,3
"CA612",27306730,2
"CA612",27306731,2
"CA612",27306732,2
"CA612",27306733,1
"CA612",27306734,30
"CA612",27306735,60
"CA612",27306736,25
"CA612",27306737,1
"CA612",27306738,1
"CA612",27306739,2
"CA612",27306740,3
"CA612",27306741,4
"CA612",27306742,4
"CA612",27306743,75
"CA612",27306744,4
"CA612",27306745,4
"CA612",27306746,4
"CA612",27306747,4
"CA612",27306748,4
"CA612",27306749,5
"CA612",27306750,75
"CA612",27306751,4
"CA612",27306752,4
"CA612",27306753,4
"CA612",27306754,5
"CA612",27306755,4
"CA612",27306756,4
"CA612",27306757,100
"CA612",27306758,80
"CA612",27306759,7
"CA612",27306760,6
"CA612",27306761,7
"CA612",27306762,80
"CA612",27306763,5
"CA612",27306764,5
"CA612",27306765,5
"CA612",27306766,5
"CA612",27306775,80
"CA612",27306776,4
"CA612",27306777,4
"CA612",27306778,4
"CA612",27306779,4
"CA612",27306780,4
"CA612",27306781,100
"CA612",27307585,20
"CA612",27307586,16
"CA612",27307587,14
"CA612",27307588,13
"CA612",27307589,6
"CA612",27307590,5
"CA612",27307591,9
"CA612",27307592,8
"CA612",27307593,4
"CA612",27307594,3
"CA612",27307595,2
"CA612",27307807,85
"CA612",27307808,5
"CA612",27307809,10
"CA713",26883214,5
"CA713",26883215,5
"CA713",26883216,5
"CA713",26883217,85
"CA713",27070632,85
"CA713",27070633,5
"CA713",27070634,10
"CA713",27070635,85
"CA713",27070636,5
"CA713",27070637,10
"CA713",27070638,85
"CA713",27070639,10
"CA713",27070640,5
"CA713",27070641,85
"CA713",27070642,10
"CA713",27070643,5
"CA713",27070644,35
"CA713",27070645,50
"CA713",27070646,5
"CA713",27070647,5
"CA713",27070648,5
"CA713",27070649,35
"CA713",27070650,50
"CA713",27070651,5
"CA713",27070652,5
"CA713",27070653,5
"CA713",27070654,50
"CA713",27070655,35
"CA713",27070656,5
"CA713",27070657,5
"CA713",27070658,5
"CA713",27070659,35
"CA713",27070660,50
"CA713",27070661,15
"CA713",27070662,15
"CA713",27070663,30
"CA713",27070664,40
"CA713",27070665,5
"CA713",27070666,5
"CA713",27070667,5
"CA713",27070668,35
"CA713",27070669,60
"CA713",27070670,1
"CA713",27070671,2
"CA713",27070672,2
"CA713",27070673,85
"CA713",27070674,5
"CA713",27070675,10
"CA713",27070676,85
"CA713",27070677,3
"CA713",27070678,3
"CA713",27070679,4
"CA713",27070680,5
"CA713",27070681,85
"CA713",27070682,5
"CA713",27070683,4
"CA713",27070684,3
"CA713",27070685,3
"CA713",27070686,85
"CA713",27070687,5
"CA713",27070688,4
"CA713",27070689,3
"CA713",27070690,3
"CA713",27070691,35
"CA713",27070692,60
"CA713",27070693,2
"CA713",27070694,3
"CA713",27070695,25
"CA713",27070696,60
"CA713",27070697,5
"CA713",27070698,10
"CA713",27070699,60
"CA713",27070700,25
"CA713",27070701,10
"CA713",27070702,5
"CA713",27070703,35
"CA713",27070704,50
"CA713",27070705,5
"CA713",27070706,10
"CA713",27070707,20
"CA713",27070708,65
"CA713",27070709,5
"CA713",27070710,10
"CA713",27070711,25
"CA713",27070712,60
"CA713",27070713,5
"CA713",27070714,10
"CA713",27070715,60
"CA713",27070716,25
"CA713",27070717,10
"CA713",27070718,5
"CA713",27070719,50
"CA713",27070720,35
"CA713",27070721,10
"CA713",27070722,5
"CA713",27070723,55
"CA713",27070724,30
"CA713",27070725,10
"CA713",27070726,5
"CA713",27070727,50
"CA713",27070728,35
"CA713",27070729,10
"CA713",27070730,5
"CA713",27070731,15
"CA713",27070732,40
"CA713",27070733,30
"CA713",27070734,10
"CA713",27070735,5
"CA713",27070736,15
"CA713",27070737,50
"CA713",27070738,20
"CA713",27070739,10
"CA713",27070740,85
"CA713",27070741,5
"CA713",27070742,5
"CA713",27070743,5
"CA713",27070744,85
"CA713",27070745,5
"CA713",27070746,5
"CA713",27070747,5
"CA713",27070748,85
"CA713",27070749,3
"CA713",27070750,4
"CA713",27070751,4
"CA713",27070752,4
"CA713",27070753,25
"CA713",27070754,60
"CA713",27070755,5
"CA713",27070756,5
"CA713",27070757,5
"CA713",27070758,60
"CA713",27070759,25
"CA713",27070760,5
"CA713",27070761,5
"CA713",27070762,5
"CA713",27070763,35
"CA713",27070764,50
"CA713",27070765,10
"CA713",27070766,5
"CA713",27070767,25
"CA713",27070768,40
"CA713",27070769,20
"CA713",27070770,10
"CA713",27070771,5
"CA713",27070772,85
"CA713",27070773,5
"CA713",27070774,5
"CA713",27070775,5
"CA713",27070776,55
"CA713",27070777,30
"CA713",27070778,3
"CA713",27070779,3
"CA713",27070780,4
"CA713",27070781,5
"CA713",27070782,30
"CA713",27070783,55
"CA713",27070784,5
"CA713",27070785,4
"CA713",27070786,3
"CA713",27070787,3
"CA713",27070788,55
"CA713",27070789,30
"CA713",27070790,5
"CA713",27070791,4
"CA713",27070792,3
"CA713",27070793,3
"CA713",27070794,20
"CA713",27070795,35
"CA713",27070796,30
"CA713",27070797,14
"CA713",27070798,30
"CA713",27070799,55
"CA713",27070800,5
"CA713",27070801,5
"CA713",27070802,5
"CA713",27070803,55
"CA713",27070804,30
"CA713",27070805,5
"CA713",27070806,5
"CA713",27070807,5
"CA713",27070808,30
"CA713",27070809,55
"CA713",27070810,5
"CA713",27070811,5
"CA713",27070812,5
"CA713",27070813,55
"CA713",27070814,30
"CA713",27070815,5
"CA713",27070816,5
"CA713",27070817,5
"CA713",27070818,65
"CA713",27070819,20
"CA713",27070820,5
"CA713",27070821,5
"CA713",27070822,5
"CA713",27070823,25
"CA713",27070824,40
"CA713",27070825,30
"CA713",27070826,2
"CA713",27070827,3
"CA713",27070828,85
"CA713",27070829,5
"CA713",27070830,10
"CA713",27070831,85
"CA713",27070832,10
"CA713",27070833,5
"CA713",27070834,85
"CA713",27070835,10
"CA713",27070836,5
"CA713",27070837,85
"CA713",27070838,5
"CA713",27070839,10
"CA713",27070840,40
"CA713",27070841,45
"CA713",27070842,5
"CA713",27070843,10
"CA713",27070844,85
"CA713",27070845,85
"CA713",27070846,10
"CA713",27070847,25
"CA713",27070848,60
"CA713",27070849,5
"CA713",27070850,5
"CA713",27070851,5
"CA713",27070852,25
"CA713",27070853,60
"CA713",27070854,5
"CA713",27070855,10
"CA713",27070856,35
"CA713",27070857,50
"CA713",27070858,5
"CA713",27070859,10
"CA713",27070860,50
"CA713",27070861,35
"CA713",27070862,10
"CA713",27070863,5
"CA713",27070864,50
"CA713",27070865,35
"CA713",27070866,10
"CA713",27070867,5
"CA713",27070868,20
"CA713",27070869,30
"CA713",27070870,35
"CA713",27070871,5
"CA713",27070872,5
"CA713",27070873,5
"CA713",27070874,25
"CA713",27070875,60
"CA713",27070876,5
"CA713",27070877,5
"CA713",27070878,5
"CA713",27070879,60
"CA713",27070880,25
"CA713",27070881,5
"CA713",27070882,5
"CA713",27070883,5
"CA713",27070884,60
"CA713",27070885,25
"CA713",27070886,5
"CA713",27070887,5
"CA713",27070888,5
"CA713",27070889,40
"CA713",27070890,45
"CA713",27070891,5
"CA713",27070892,10
"CA713",27070893,40
"CA713",27070894,45
"CA713",27070895,10
"CA713",27070896,5
"CA713",27070897,60
"CA713",27070898,25
"CA713",27070899,3
"CA713",27070900,5
"CA713",27070901,3
"CA713",27070902,4
"CA713",27070903,60
"CA713",27070904,25
"CA713",27070905,5
"CA713",27070906,4
"CA713",27070907,3
"CA713",27070908,3
"CA713",27070909,60
"CA713",27070910,25
"CA713",27070911,5
"CA713",27070912,5
"CA713",27070913,5
"CA713",27070914,19
"CA713",27070915,45
"CA713",27070916,20
"CA713",27070917,10
"CA713",27070918,5
"CA713",27070919,30
"CA713",27070920,55
"CA713",27070921,5
"CA713",27070922,5
"CA713",27070923,5
"CA713",27070924,55
"CA713",27070925,30
"CA713",27070926,5
"CA713",27070927,5
"CA713",27070928,5
"CA713",27070929,55
"CA713",27070930,30
"CA713",27070931,5
"CA713",27070932,5
"CA713",27070933,5
"CA713",27070934,60
"CA713",27070935,25
"CA713",27070936,10
"CA713",27070937,30
"CA713",27070938,55
"CA713",27070939,10
"CA713",27070940,5
"CA713",27070941,19
"CA713",27070942,45
"CA713",27070943,20
"CA713",27070944,10
"CA713",27070945,40
"CA713",27070946,45
"CA713",27070947,10
"CA713",27070948,5
"CA713",27070949,45
"CA713",27070950,40
"CA713",27070951,10
"CA713",27070952,5
"CA713",27070953,30
"CA713",27070954,55
"CA713",27070955,5
"CA713",27070956,5
"CA713",27070957,5
"CA713",27070958,30
"CA713",27070959,55
"CA713",27070960,5
"CA713",27070961,5
"CA713",27070962,5
"CA713",27070963,35
"CA713",27070964,50
"CA713",27070965,5
"CA713",27070966,10
"CA713",27070967,55
"CA713",27070968,30
"CA713",27070969,5
"CA713",27070970,10
"CA713",27070971,45
"CA713",27070972,40
"CA713",27070973,10
"CA713",27070974,5
"CA713",27070975,25
"CA713",27070976,60
"CA713",27070977,10
"CA713",27070978,5
"CA713",27070979,60
"CA713",27070980,25
"CA713",27070981,10
"CA713",27070982,5
"CA713",27070983,60
"CA713",27070984,25
"CA713",27070985,10
"CA713",27070986,5
"CA713",27070987,25
"CA713",27070988,60
"CA713",27070989,5
"CA713",27070990,10
"CA713",27070991,30
"CA713",27070992,55
"CA713",27070993,10
"CA713",27070994,40
"CA713",27070995,20
"CA713",27070996,25
"CA713",27070997,5
"CA713",27070998,10
"CA713",27070999,85
"CA713",27071000,10
"CA713",27071001,5
"CA713",27071002,85
"CA713",27071003,5
"CA713",27071004,10
"CA713",27071005,25
"CA713",27071006,60
"CA713",27071007,10
"CA713",27071008,5
"CA713",27071009,60
"CA713",27071010,25
"CA713",27071011,10
"CA713",27071012,5
"CA713",27071013,60
"CA713",27071014,25
"CA713",27071015,10
"CA713",27071016,5
"CA713",27071017,25
"CA713",27071018,60
"CA713",27071019,10
"CA713",27071020,5
"CA713",27071021,20
"CA713",27071022,65
"CA713",27071023,10
"CA713",27071024,5
"CA713",27071025,65
"CA713",27071026,20
"CA713",27071027,10
"CA713",27071028,5
"CA713",27071029,60
"CA713",27071030,20
"CA713",27071031,10
"CA713",27071032,5
"CA713",27071033,60
"CA713",27071034,20
"CA713",27071035,10
"CA713",27071036,5
"CA713",27071037,20
"CA713",27071038,40
"CA713",27071039,25
"CA713",27071040,10
"CA713",27071041,85
"CA713",27071042,5
"CA713",27071043,10
"CA713",27071044,85
"CA713",27071045,10
"CA713",27071046,5
"CA713",27071047,85
"CA713",27071048,10
"CA713",27071049,5
"CA713",27071050,85
"CA713",27071051,5
"CA713",27071052,10
"CA713",27071053,85
"CA713",27071054,10
"CA713",27071055,5
"CA713",27071056,30
"CA713",27071057,55
"CA713",27071058,10
"CA713",27071059,5
"CA713",27071060,30
"CA713",27071061,55
"CA713",27071062,5
"CA713",27071063,5
"CA713",27071064,5
"CA713",27071065,55
"CA713",27071066,30
"CA713",27071067,5
"CA713",27071068,5
"CA713",27071069,5
"CA713",27071070,15
"CA713",27071071,30
"CA713",27071072,40
"CA713",27071073,5
"CA713",27071074,10
"CA713",27071075,30
"CA713",27071076,55
"CA713",27071077,5
"CA713",27071078,10
"CA713",27071079,55
"CA713",27071080,30
"CA713",27071081,10
"CA713",27071082,5
"CA713",27071083,55
"CA713",27071084,30
"CA713",27071085,5
"CA713",27071086,5
"CA713",27071087,5
"CA713",27071088,25
"CA713",27071089,60
"CA713",27071090,5
"CA713",27071091,5
"CA713",27071092,5
"CA713",27071093,60
"CA713",27071094,25
"CA713",27071095,5
"CA713",27071096,5
"CA713",27071097,5
"CA713",27071098,50
"CA713",27071099,25
"CA713",27071100,5
"CA713",27071101,5
"CA713",27071102,5
"CA713",27071103,85
"CA713",27071104,5
"CA713",27071105,5
"CA713",27071106,5
"CA713",27071107,85
"CA713",27071108,5
"CA713",27071109,5
"CA713",27071110,5
"CA713",27071111,55
"CA713",27071112,30
"CA713",27071113,10
"CA713",27071114,5
"CA713",27071115,55
"CA713",27071116,30
"CA713",27071117,10
"CA713",27071118,5
"CA713",27071119,30
"CA713",27071120,55
"CA713",27071121,10
"CA713",27071122,5
"CA713",27071123,60
"CA713",27071124,25
"CA713",27071125,5
"CA713",27071126,10
"CA713",27071127,25
"CA713",27071128,20
"CA713",27071129,40
"CA713",27071130,5
"CA713",27071131,5
"CA713",27071132,5
"CA713",27071133,25
"CA713",27071134,60
"CA713",27071135,5
"CA713",27071136,5
"CA713",27071137,5
"CA713",27071138,60
"CA713",27071139,25
"CA713",27071140,5
"CA713",27071141,5
"CA713",27071142,5
"CA713",27071143,25
"CA713",27071144,60
"CA713",27071145,5
"CA713",27071146,5
"CA713",27071147,5
"CA713",27071148,60
"CA713",27071149,25
"CA713",27071150,5
"CA713",27071151,5
"CA713",27071152,5
"CA713",27071153,25
"CA713",27071154,20
"CA713",27071155,40
"CA713",27071156,10
"CA713",27071157,40
"CA713",27071158,25
"CA713",27071159,20
"CA713",27071160,10
"CA713",27071161,85
"CA713",27071162,5
"CA713",27071163,5
"CA713",27071164,5
"CA713",27071165,30
"CA713",27071166,55
"CA713",27071167,5
"CA713",27071168,10
"CA713",27071169,55
"CA713",27071170,30
"CA713",27071171,10
"CA713",27071172,5
"CA713",27071173,60
"CA713",27071174,25
"CA713",27071175,5
"CA713",27071176,10
"CA713",27071177,40
"CA713",27071178,45
"CA713",27071179,5
"CA713",27071180,5
"CA713",27071181,85
"CA713",27071182,5
"CA713",27071183,5
"CA713",27071184,5
"CA713",27071185,85
"CA713",27071186,25
"CA713",27071187,20
"CA713",27071188,40
"CA713",27071189,5
"CA713",27071190,5
"CA713",27071191,5
"CA713",27071192,40
"CA713",27071193,25
"CA713",27071194,20
"CA713",27071195,5
"CA713",27071196,5
"CA713",27071197,5
"CA713",27071198,35
"CA713",27071199,50
"CA713",27071200,3
"CA713",27071201,3
"CA713",27071202,4
"CA713",27071203,5
"CA713",27071204,50
"CA713",27071205,35
"CA713",27071206,5
"CA713",27071207,4
"CA713",27071208,3
"CA713",27071209,3
"CA713",27071210,85
"CA713",27071211,5
"CA713",27071212,5
"CA713",27071213,5
"CA713",27071214,40
"CA713",27071215,60
"CA713",27071216,25
"CA713",27071217,60
"CA713",27071218,5
"CA713",27071219,10
"CA713",27071220,20
"CA713",27071221,15
"CA713",27071222,50
"CA713",27071223,10
"CA713",27071224,25
"CA713",27071225,60
"CA713",27071226,10
"CA713",27071227,25
"CA713",27071228,60
"CA713",27071229,10
"CA713",27071230,25
"CA713",27071231,60
"CA713",27071232,5
"CA713",27071233,10
"CA713",27071234,30
"CA713",27071235,60
"CA713",27071236,25
"CA713",27071237,60
"CA713",27071238,10
"CA713",27071239,25
"CA713",27071240,60
"CA713",27071241,5
"CA713",27071242,10
"CA713",27071243,90
"CA713",27071244,85
"CA713",27071245,5
"CA713",27071246,5
"CA713",27071247,5
"CA713",27071248,85
"CA713",27071249,5
"CA713",27071250,5
"CA713",27071251,5
"CA713",27071252,20
"CA713",27071253,65
"CA713",27071254,5
"CA713",27071255,5
"CA713",27071256,5
"CA713",27071257,65
"CA713",27071258,20
"CA713",27071259,5
"CA713",27071260,5
"CA713",27071261,5
"CA713",27071262,25
"CA713",27071263,60
"CA713",27071264,5
"CA713",27071265,5
"CA713",27071266,5
"CA713",27071267,60
"CA713",27071268,25
"CA713",27071269,5
"CA713",27071270,5
"CA713",27071271,5
"CA713",27071272,60
"CA713",27071273,25
"CA713",27071274,5
"CA713",27071275,5
"CA713",27071276,5
"CA713",27071277,15
"CA713",27071278,55
"CA713",27071279,15
"CA713",27071280,10
"CA713",27071281,5
"CA713",27071282,15
"CA713",27071283,55
"CA713",27071284,5
"CA713",27071285,5
"CA713",27071286,5
"CA713",27071287,25
"CA713",27071288,20
"CA713",27071289,40
"CA713",27071290,5
"CA713",27071291,5
"CA713",27071292,5
"CA713",27071293,40
"CA713",27071294,25
"CA713",27071295,20
"CA713",27071296,5
"CA713",27071297,5
"CA713",27071298,5
"CA713",27071299,40
"CA713",27071300,25
"CA713",27071301,20
"CA713",27071302,5
"CA713",27071303,5
"CA713",27071304,5
"CA713",27071305,30
"CA713",27071306,55
"CA713",27071307,5
"CA713",27071308,3
"CA713",27071309,3
"CA713",27071310,4
"CA713",27071311,55
"CA713",27071312,30
"CA713",27071313,5
"CA713",27071314,4
"CA713",27071315,3
"CA713",27071316,3
"CA713",27071317,85
"CA713",27071318,5
"CA713",27071319,10
"CA713",27071320,30
"CA713",27071321,15
"CA713",27071322,40
"CA713",27071323,5
"CA713",27071324,10
"CA713",27071325,40
"CA713",27071326,30
"CA713",27071327,15
"CA713",27071328,10
"CA713",27071329,5
"CA713",27071330,85
"CA713",27071331,5
"CA713",27071332,5
"CA713",27071333,5
"CA713",27071334,85
"CA713",27071335,5
"CA713",27071336,5
"CA713",27071337,5
"CA713",27071338,15
"CA713",27071339,25
"CA713",27071340,45
"CA713",27071341,10
"CA713",27071342,45
"CA713",27071343,25
"CA713",27071344,15
"CA713",27071345,10
"CA713",27071346,15
"CA713",27071347,25
"CA713",27071348,45
"CA713",27071349,5
"CA713",27071350,10
"CA713",27071351,35
"CA713",27071352,50
"CA713",27071353,10
"CA713",27071354,35
"CA713",27071355,50
"CA713",27071356,10
"CA713",27071357,50
"CA713",27071358,35
"CA713",27071359,10
"CA713",27071360,30
"CA713",27071361,55
"CA713",27071362,5
"CA713",27071363,10
"CA713",27071364,55
"CA713",27071365,30
"CA713",27071366,10
"CA713",27071367,5
"CA713",27071368,35
"CA713",27071369,50
"CA713",27071370,10
"CA713",27071371,5
"CA713",27071372,50
"CA713",27071373,35
"CA713",27071374,10
"CA713",27071375,5
"CA713",27071376,85
"CA713",27071377,5
"CA713",27071378,10
"CA713",27071379,25
"CA713",27071380,60
"CA713",27071381,5
"CA713",27071382,5
"CA713",27071383,5
"CA713",27071384,60
"CA713",27071385,25
"CA713",27071386,5
"CA713",27071387,5
"CA713",27071388,5
"CA713",27071389,40
"CA713",27071390,45
"CA713",27071391,5
"CA713",27071392,5
"CA713",27071393,5
"CA713",27071394,55
"CA713",27071395,30
"CA713",27071396,5
"CA713",27071397,5
"CA713",27071398,5
"CA713",27071399,55
"CA713",27071400,30
"CA713",27071401,5
"CA713",27071402,5
"CA713",27071403,5
"CA713",27071404,25
"CA713",27071405,45
"CA713",27071406,15
"CA713",27071407,3
"CA713",27071408,3
"CA713",27071409,4
"CA713",27071410,5
"CA713",27071411,85
"CA713",27071412,20
"CA713",27071413,30
"CA713",27071414,35
"CA713",27071415,5
"CA713",27071416,10
"CA713",27071417,35
"CA713",27071418,50
"CA713",27071419,5
"CA713",27071420,10
"CA713",27071421,50
"CA713",27071422,35
"CA713",27071423,10
"CA713",27071424,5
"CA713",27071425,50
"CA713",27071426,35
"CA713",27071427,10
"CA713",27071428,5
"CA713",27071429,35
"CA713",27071430,50
"CA713",27071431,5
"CA713",27071432,5
"CA713",27071433,35
"CA713",27071434,50
"CA713",27071435,5
"CA713",27071436,10
"CA713",27071437,50
"CA713",27071438,35
"CA713",27071439,10
"CA713",27071440,5
"CA713",27071441,50
"CA713",27071442,35
"CA713",27071443,10
"CA713",27071444,5
"CA713",27071445,35
"CA713",27071446,50
"CA713",27071447,5
"CA713",27071448,5
"CA713",27071449,5
"CA713",27071450,50
"CA713",27071451,35
"CA713",27071452,5
"CA713",27071453,5
"CA713",27071454,5
"CA713",27071455,45
"CA713",27071456,40
"CA713",27071457,5
"CA713",27071458,5
"CA713",27071459,5
"CA713",27071460,50
"CA713",27071461,35
"CA713",27071462,10
"CA713",27071463,85
"CA713",27071464,5
"CA713",27071465,5
"CA713",27071466,5
"CA713",27071467,85
"CA713",27071468,5
"CA713",27071469,5
"CA713",27071470,5
"CA713",27071471,35
"CA713",27071472,50
"CA713",27071473,10
"CA713",27071474,5
"CA713",27071475,50
"CA713",27071476,35
"CA713",27071477,10
"CA713",27071478,5
"CA713",27071479,25
"CA713",27071480,30
"CA713",27071481,29
"CA713",27071482,10
"CA713",27071483,30
"CA713",27071484,55
"CA713",27071485,5
"CA713",27071486,10
"CA713",27071487,85
"CA713",27071488,5
"CA713",27071489,10
"CA713",27071490,20
"CA713",27071491,25
"CA713",27071492,40
"CA713",27071493,10
"CA713",27071494,5
"CA713",27071495,19
"CA713",27071496,20
"CA713",27071497,45
"CA713",27071498,5
"CA713",27071499,10
"CA713",27071500,45
"CA713",27071501,20
"CA713",27071502,19
"CA713",27071503,10
"CA713",27071504,5
"CA713",27071505,5
"CA713",27071506,5
"CA713",27071507,10
"CA713",27071508,80
"CA713",27071509,5
"CA713",27071510,5
"CA713",27071511,10
"CA713",27071512,30
"CA713",27071513,50
"CA713",27071514,5
"CA713",27071515,10
"CA713",27071516,85
"CA713",27071517,2
"CA713",27071518,85
"CA713",27071519,3
"CA713",27071520,8
"CA713",27071521,85
"CA713",27071522,5
"CA713",27071523,5
"CA713",27071524,5
"CA713",27071525,20
"CA713",27071526,60
"CA713",27071527,5
"CA713",27071528,5
"CA713",27071529,5
"CA713",27071530,5
"CA713",27071531,80
"CA713",27071532,10
"CA713",27071533,10
"CA713",27071534,85
"CA713",27071535,5
"CA713",27071536,10
"CA713",27071537,70
"CA713",27071538,20
"CA713",27071539,3
"CA713",27071540,3
"CA713",27071541,4
"CA713",27071542,85
"CA713",27071543,5
"CA713",27071544,5
"CA713",27071545,5
"CA713",27071546,85
"CA713",27071547,5
"CA713",27071548,5
"CA713",27071549,5
"CA713",27071550,80
"CA713",27071551,5
"CA713",27071552,5
"CA713",27071553,10
"CA713",27071554,75
"CA713",27071555,5
"CA713",27071556,10
"CA713",27071557,10
"CA713",27071558,90
"CA713",27071559,5
"CA713",27071560,5
"CA713",27071561,85
"CA713",27071562,5
"CA713",27071563,5
"CA713",27071564,5
"CA713",27071565,85
"CA713",27071566,15
"CA713",27071567,75
"CA713",27071568,10
"CA713",27071569,15
"CA713",27071570,75
"CA713",27071571,5
"CA713",27071572,5
"CA713",27071573,5
"CA713",27071574,5
"CA713",27071575,80
"CA713",27071576,5
"CA713",27071577,5
"CA713",27071578,10
"CA713",27071579,85
"CA713",27071580,5
"CA713",27071581,5
"CA713",27071582,5
"CA713",27071583,85
"CA713",27071584,2
"CA713",27071585,3
"CA713",27071586,5
"CA713",27071587,5
"CA713",27071588,90
"CA713",27071589,2
"CA713",27071590,3
"CA713",27071591,2
"CA713",27071592,3
"CA713",27071593,75
"CA713",27071594,5
"CA713",27071595,5
"CA713",27071596,5
"CA713",27071597,10
"CA713",27071598,80
"CA713",27071599,5
"CA713",27071600,5
"CA713",27071601,10
"CA713",27071602,80
"CA713",27071603,5
"CA713",27071604,5
"CA713",27071605,5
"CA713",27071606,5
"CA713",27071607,80
"CA713",27071608,10
"CA713",27071609,10
"CA713",27071610,45
"CA713",27071611,40
"CA713",27071612,5
"CA713",27071613,5
"CA713",27071614,5
"CA713",27071615,75
"CA713",27071616,5
"CA713",27071617,5
"CA713",27071618,5
"CA713",27071619,5
"CA713",27071620,5
"CA713",27071621,90
"CA713",27071622,1
"CA713",27071623,1
"CA713",27071624,1
"CA713",27071625,1
"CA713",27071626,3
"CA713",27071627,3
"CA713",27071628,80
"CA713",27071629,5
"CA713",27071630,5
"CA713",27071631,10
"CA713",27071632,80
"CA713",27071633,10
"CA713",27071634,5
"CA713",27071635,5
"CA713",27071636,80
"CA713",27071637,10
"CA713",27071638,5
"CA713",27071639,5
"CA713",27071640,80
"CA713",27071641,10
"CA713",27071642,5
"CA713",27071643,5
"CA713",27071644,80
"CA713",27071645,10
"CA713",27071646,5
"CA713",27071647,5
"CA713",27071648,60
"CA713",27071649,25
"CA713",27071650,5
"CA713",27071651,5
"CA713",27071652,5
"CA713",27071653,80
"CA713",27071654,10
"CA713",27071655,5
"CA713",27071656,5
"CA713",27071657,70
"CA713",27071658,20
"CA713",27071659,5
"CA713",27071660,5
"CA713",27071661,80
"CA713",27071662,4
"CA713",27071663,4
"CA713",27071664,4
"CA713",27071665,4
"CA713",27071666,4
"CA713",27071667,5
"CA713",27071668,36
"CA713",27071669,34
"CA713",27071670,15
"CA713",27071671,5
"CA713",27071672,5
"CA713",27071673,5
"CA713",27071674,5
"CA713",27071675,5
"CA713",27071676,65
"CA713",27071677,20
"CA713",27071678,80
"CA713",27071679,5
"CA713",27071680,5
"CA713",27071681,5
"CA713",27071682,5
"CA713",27071683,55
"CA713",27071684,30
"CA713",27071685,8
"CA713",27071686,7
"CA713",27071687,8
"CA713",27071688,7
"CA713",27071689,85
"CA713",27071690,95
"CA713",27071691,5
"CA713",27071692,4
"CA713",27071693,4
"CA713",27071694,4
"CA713",27071695,3
"CA713",27071696,85
"CA713",27071697,85
"CA713",27071698,5
"CA713",27071699,5
"CA713",27071700,5
"CA713",27071701,10
"CA713",27071702,90
"CA713",27071703,65
"CA713",27071704,25
"CA713",27071705,5
"CA713",27071706,5
"CA713",27071707,5
"CA713",27071708,5
"CA713",27071709,50
"CA713",27071710,40
"CA713",27071711,45
"CA713",27071712,40
"CA713",27071713,8
"CA713",27071714,7
"CA713",27071715,4
"CA713",27071716,4
"CA713",27071717,4
"CA713",27071718,3
"CA713",27071719,45
"CA713",27071720,40
"CA713",27071721,85
"CA713",27071722,5
"CA713",27071723,5
"CA713",27071724,3
"CA713",27071725,2
"CA713",27071726,5
"CA713",27071727,5
"CA713",27071728,5
"CA713",27071729,40
"CA713",27071730,30
"CA713",27071731,15
"CA713",27071732,5
"CA713",27071733,45
"CA713",27071734,35
"CA713",27071735,5
"CA713",27071736,5
"CA713",27071737,5
"CA713",27071738,100
"CA713",27071739,50
"CA713",27071740,30
"CA713",27071741,5
"CA713",27071742,15
"CA713",27071743,50
"CA713",27071744,30
"CA713",27071745,5
"CA713",27071746,15
"CA713",27071747,100
"CA713",27071748,85
"CA713",27071749,5
"CA713",27071750,10
"CA713",27071751,85
"CA713",27071752,2
"CA713",27071753,3
"CA713",27071754,5
"CA713",27071755,5
"CA713",27071756,85
"CA713",27071757,5
"CA713",27071758,5
"CA713",27071759,5
"CA713",27071760,85
"CA713",27071761,2
"CA713",27071762,5
"CA713",27071763,5
"CA713",27071764,3
"CA713",27071765,85
"CA713",27071766,5
"CA713",27071767,10
"CA713",27071768,85
"CA713",27071769,5
"CA713",27071770,10
"CA713",27071771,85
"CA713",27071772,5
"CA713",27071773,2
"CA713",27071774,3
"CA713",27071775,5
"CA713",27071776,100
"CA713",27071777,85
"CA713",27071778,3
"CA713",27071779,5
"CA713",27071780,5
"CA713",27071781,2
"CA713",27071782,85
"CA713",27071783,1
"CA713",27071784,10
"CA713",27071785,4
"CA713",27071786,100
"CA713",27071787,50
"CA713",27071788,30
"CA713",27071789,2
"CA713",27071790,10
"CA713",27071791,3
"CA713",27071792,5
"CA713",27071793,55
"CA713",27071794,35
"CA713",27071795,4
"CA713",27071796,3
"CA713",27071797,3
"CA713",27071798,20
"CA713",27071799,60
"CA713",27071800,90
"CA713",27071801,60
"CA713",27071802,20
"CA713",27071803,30
"CA713",27071804,20
"CA713",27071805,29
"CA713",27071806,20
"CA713",27071807,40
"CA713",27071808,20
"CA713",27071809,60
"CA713",27071810,30
"CA713",27071811,60
"CA713",27071812,20
"CA713",27071813,50
"CA713",27071814,30
"CA713",27071815,50
"CA713",27071816,20
"CA713",27071817,50
"CA713",27071818,35
"CA713",27071819,100
"CA713",27071820,100
"CA713",27071821,100
"CA713",27071849,10
"CA713",27071850,4
"CA713",27071851,4
"CA713",27071852,2
"CA713",27071853,75
"CA713",27071854,5
"CA713",27071855,40
"CA713",27071856,50
"CA713",27071857,3
"CA713",27071858,5
"CA713",27071859,1
"CA713",27071860,1
"CA713",27071861,20
"CA713",27071862,50
"CA713",27071863,25
"CA713",27071864,3
"CA713",27071865,2
"CA713",27072496,40
"CA713",27072497,20
"CA713",27072498,15
"CA713",27072499,10
"CA713",27072500,10
"CA713",27072501,5
"CA713",27089353,50
"CA713",27089354,25
"CA713",27089355,15
"CA713",27089356,2
"CA713",27089357,8
"CA713",27089360,5
"CA713",27089361,2
"CA713",27089362,3
"CA713",27089363,50
"CA713",27089364,40
"CA713",27089367,20
"CA713",27089368,30
"CA713",27089369,50
"CA713",27089372,20
"CA713",27089373,30
"CA713",27089374,50
"CA713",27538214,100
